time_ms,I,II,III,aVR,aVL,aVF,V1,V2,V3,V4,V5,V6
0.0,0,0,0,0,0,-1,0,0,1,0,0,0
1.0,0,0,0,0,0,-1,0,0,1,0,0,0
2.0,0,0,0,0,0,-1,0,0,1,0,0,0
3.0,0,0,0,0,0,-1,0,0,1,0,0,0
4.0,0,0,0,0,0,-1,0,0,1,0,0,0
5.0,0,0,0,0,0,-1,0,0,1,0,0,0
6.0,0,0,0,0,0,-1,0,0,1,0,0,0
7.0,0,0,0,0,0,-1,0,0,1,0,0,0
8.0,0,0,0,0,0,-1,0,0,1,0,0,0
9.0,0,0,0,0,0,-1,0,0,1,0,0,0
10.0,0,0,0,0,0,-1,0,0,1,0,0,0
11.0,0,0,0,0,0,-1,0,0,1,0,0,0
12.0,0,0,0,0,0,-1,0,0,1,0,0,0
13.0,0,0,0,0,0,-1,0,0,1,0,0,0
14.0,0,0,0,0,0,-1,0,0,1,0,0,0
15.0,0,0,0,0,0,-1,0,0,1,0,0,0
16.0,0,0,0,0,0,-1,0,0,1,0,0,0
17.0,0,0,0,0,0,-1,0,0,1,0,0,0
18.0,0,0,0,0,0,-1,0,0,1,0,0,0
19.0,0,0,0,0,0,-1,0,0,1,0,0,0
20.0,0,0,0,0,0,-1,0,0,1,0,0,0
21.0,0,0,0,0,0,-1,0,0,1,0,0,0
22.0,0,0,0,0,0,-1,0,0,1,0,0,0
23.0,0,0,0,0,0,-1,0,0,1,0,0,0
24.0,0,0,0,0,0,-1,0,0,1,0,0,0
25.0,0,0,0,0,0,-1,0,0,1,0,0,0
26.0,0,0,0,0,0,-1,0,0,1,0,0,0
27.0,0,0,0,0,0,-1,0,0,1,0,0,0
28.0,0,0,0,0,0,-1,0,0,1,0,0,0
29.0,0,0,0,0,0,-1,0,0,1,0,0,0
30.0,0,0,0,0,0,-1,0,0,1,0,0,0
31.0,0,0,0,0,0,-1,0,0,1,0,0,0
32.0,0,0,0,0,0,-1,0,0,1,0,0,0
33.0,0,0,0,0,0,-1,0,0,1,0,0,0
34.0,0,0,0,0,0,-1,0,0,1,0,0,0
35.0,0,0,0,0,0,-1,0,0,1,0,0,0
36.0,0,0,0,0,0,-1,0,0,1,0,0,0
37.0,0,0,0,0,0,-1,0,0,1,0,0,0
38.0,0,0,0,0,0,-1,0,0,1,0,0,0
39.0,0,0,0,0,0,-1,0,0,1,0,0,0
40.0,0,0,0,0,0,-1,0,0,1,0,0,0
41.0,0,0,0,0,0,-1,0,0,1,0,0,0
42.0,0,0,0,0,0,-1,0,0,1,0,0,0
43.0,0,0,0,0,0,-1,0,0,1,0,0,0
44.0,0,0,0,0,0,-1,0,0,1,0,0,0
45.0,0,0,0,0,0,-1,0,0,1,0,0,0
46.0,0,0,0,0,0,-1,0,0,1,0,0,0
47.0,0,0,0,0,0,-1,0,0,1,0,0,0
48.0,0,0,0,0,0,-1,0,0,1,0,0,0
49.0,0,0,0,0,0,-1,0,0,1,0,0,0
50.0,0,0,0,0,0,-1,0,0,1,0,0,0
51.0,0,0,0,0,0,-1,0,0,1,0,0,0
52.0,0,0,0,0,0,-1,0,0,1,0,0,0
53.0,0,0,0,0,0,-1,0,0,1,0,0,0
54.0,0,0,0,0,0,-1,0,0,1,0,0,0
55.0,0,0,0,0,0,-1,0,0,1,0,0,0
56.0,0,0,0,0,0,-1,0,0,1,0,0,0
57.0,0,0,0,0,0,-1,0,0,1,0,0,0
58.0,0,0,0,0,0,-1,0,0,1,0,0,0
59.0,0,0,0,0,0,-1,0,0,1,0,0,0
60.0,0,0,0,0,0,-1,0,0,1,0,0,0
61.0,0,0,0,0,0,-1,0,0,1,0,0,0
62.0,0,0,0,0,0,-1,0,0,1,0,0,0
63.0,0,0,0,0,0,-1,0,0,1,0,0,0
64.0,0,0,0,0,0,-1,0,0,1,0,0,0
65.0,0,0,0,0,0,-1,0,0,1,0,0,0
66.0,0,0,0,0,0,-1,0,0,1,0,0,0
67.0,0,0,0,0,0,-1,0,0,1,0,0,0
68.0,0,0,0,0,0,-1,0,0,1,0,0,0
69.0,0,0,0,0,0,-1,0,0,1,0,0,0
70.0,0,0,0,0,0,-1,0,0,1,0,0,0
71.0,0,0,0,0,0,-1,0,0,1,0,0,0
72.0,0,0,0,0,0,-1,0,0,1,0,0,0
73.0,0,0,0,0,0,-1,0,0,1,0,0,0
74.0,0,0,0,0,0,-1,0,0,1,0,0,0
75.0,0,0,0,0,0,-1,0,0,1,0,0,0
76.0,0,0,0,0,0,-1,0,0,1,0,0,0
77.0,0,0,0,0,0,-1,0,0,1,0,0,0
78.0,0,0,0,0,0,-1,0,0,1,0,0,0
79.0,0,0,0,0,0,-1,0,0,1,0,0,0
80.0,0,0,0,0,0,-1,0,0,1,0,0,0
81.0,0,0,0,0,0,-1,0,0,1,0,0,0
82.0,0,0,0,0,0,-1,0,0,1,0,0,0
83.0,0,0,0,0,0,-1,0,0,1,0,0,0
84.0,0,0,0,0,0,-1,0,0,1,0,0,0
85.0,0,0,0,0,0,-1,0,0,1,0,0,0
86.0,0,0,0,0,0,-1,0,0,1,0,0,0
87.0,0,0,0,0,0,-1,0,0,1,0,0,0
88.0,0,0,0,0,0,-1,0,0,1,0,0,0
89.0,0,0,0,0,0,-1,0,0,1,0,0,0
90.0,0,0,0,0,0,-1,0,0,1,0,0,0
91.0,0,0,0,0,0,-1,0,0,1,0,0,0
92.0,0,0,0,0,0,-1,0,0,1,0,0,0
93.0,0,0,0,0,0,-1,0,0,1,0,0,0
94.0,0,0,0,0,0,-1,0,0,1,0,0,0
95.0,0,0,0,0,0,-1,0,0,1,0,0,0
96.0,0,0,0,0,0,-1,0,0,1,0,0,0
97.0,0,0,0,0,0,-1,0,0,1,0,0,0
98.0,0,0,0,0,0,-1,0,0,1,0,0,0
99.0,0,0,0,0,0,-1,0,0,1,0,0,0
100.0,0,0,0,0,0,-1,0,0,1,0,0,1
101.0,0,0,0,0,0,-1,0,0,1,0,0,1
102.0,0,1,0,0,0,-1,0,0,1,0,0,1
103.0,0,1,0,0,0,-1,0,0,1,0,0,1
104.0,0,1,0,0,0,-1,0,0,1,0,0,1
105.0,0,1,0,0,0,-1,0,0,1,0,0,1
106.0,0,1,0,0,0,-1,0,0,1,0,0,1
107.0,0,1,0,0,0,-1,0,0,1,0,0,1
108.0,0,1,0,0,0,-1,0,0,1,0,0,1
109.0,0,1,0,0,0,-1,0,0,1,0,0,1
110.0,0,1,0,0,0,-1,-1,0,1,0,0,1
111.0,0,1,0,0,0,0,-1,0,1,0,0,1
112.0,0,1,0,0,0,0,-1,0,1,0,0,1
113.0,0,1,0,0,0,0,-1,0,1,0,0,1
114.0,0,1,1,0,0,0,-1,0,1,0,0,1
115.0,0,1,1,0,0,0,-1,0,1,0,0,1
116.0,0,1,1,0,0,0,-1,0,1,0,0,1
117.0,0,1,1,0,0,0,-1,0,1,0,0,1
118.0,0,1,1,0,0,0,-1,0,1,0,0,1
119.0,0,1,1,0,0,0,-1,0,1,0,0,1
120.0,0,1,1,0,0,0,-1,0,1,0,0,1
121.0,0,1,1,0,0,0,-1,0,1,0,0,1
122.0,0,1,0,0,0,0,-1,0,1,0,0,1
123.0,0,1,0,0,0,0,-1,0,1,0,0,1
124.0,0,1,0,0,0,0,-1,0,1,0,0,1
125.0,0,1,0,0,0,0,-1,0,1,0,0,1
126.0,0,0,0,0,0,-1,-1,0,1,0,0,1
127.0,0,0,0,0,0,-1,-1,0,1,0,0,1
128.0,0,0,0,0,0,-1,-1,0,0,0,0,1
129.0,0,0,0,0,0,-1,-1,0,0,0,0,1
130.0,0,0,0,0,0,-1,-1,0,0,0,0,1
131.0,0,0,0,0,0,-1,-1,0,0,0,0,1
132.0,0,0,0,0,0,-1,-1,0,-1,0,0,1
133.0,1,0,0,0,0,-1,-1,0,-1,0,1,2
134.0,1,0,0,0,0,-1,-1,0,-1,0,1,2
135.0,1,0,0,0,0,-1,-2,0,-1,0,1,2
136.0,1,0,0,0,0,-1,-2,0,-1,0,1,2
137.0,1,0,0,0,0,-1,-2,0,-2,0,1,2
138.0,2,1,0,-1,0,-1,-2,0,-2,0,1,3
139.0,2,1,0,-1,0,-1,-2,0,-2,0,1,3
140.0,2,1,0,-1,0,-1,-2,-1,-3,0,1,3
141.0,3,1,0,-1,1,-1,-3,-1,-3,0,1,3
142.0,3,1,0,-1,1,-1,-3,-1,-4,0,1,4
143.0,3,1,0,-1,1,-1,-3,-1,-4,0,2,4
144.0,3,1,0,-1,1,-1,-4,-1,-4,0,2,4
145.0,4,1,-1,-1,1,-1,-4,-1,-5,0,2,5
146.0,4,1,-1,-1,1,-1,-4,-1,-5,0,2,5
147.0,4,1,-1,-2,2,-1,-5,-1,-5,0,2,5
148.0,4,2,-1,-2,2,-1,-5,-2,-6,0,2,6
149.0,5,2,-1,-2,2,-1,-5,-2,-6,0,3,6
150.0,5,2,-1,-2,2,-1,-6,-2,-6,0,3,7
151.0,5,2,-1,-2,2,-1,-6,-2,-6,0,3,7
152.0,6,2,-2,-2,2,-1,-6,-2,-6,0,3,7
153.0,6,2,-2,-2,3,-1,-6,-2,-6,0,4,8
154.0,7,2,-2,-3,3,-1,-6,-2,-7,0,4,8
155.0,7,2,-2,-3,3,-1,-7,-2,-7,0,4,9
156.0,7,2,-2,-3,3,-1,-7,-2,-7,0,4,9
157.0,8,2,-3,-3,4,-1,-7,-2,-7,0,5,10
158.0,8,2,-3,-3,4,-1,-7,-2,-7,0,5,10
159.0,8,3,-3,-3,4,-1,-8,-2,-7,0,5,10
160.0,9,3,-3,-4,4,-1,-8,-2,-7,0,6,11
161.0,9,3,-4,-4,5,-1,-8,-2,-7,0,6,12
162.0,10,3,-4,-4,5,-1,-8,-2,-7,0,7,12
163.0,10,3,-4,-4,5,-1,-9,-2,-7,0,7,12
164.0,10,3,-4,-5,6,-1,-9,-2,-7,0,7,13
165.0,11,4,-4,-5,6,-1,-9,-2,-7,0,8,14
166.0,11,4,-5,-5,6,-1,-9,-2,-7,0,8,14
167.0,12,5,-5,-5,6,-1,-10,-2,-7,1,9,15
168.0,12,5,-5,-6,7,-1,-10,-2,-7,1,9,15
169.0,12,5,-5,-6,7,-1,-11,-2,-7,1,10,15
170.0,13,6,-5,-6,7,-1,-11,-2,-7,2,10,16
171.0,13,6,-5,-7,7,-1,-11,-3,-7,2,11,16
172.0,13,8,-5,-7,7,-1,-11,-3,-7,2,11,17
173.0,14,9,-5,-7,7,-1,-12,-3,-7,3,12,18
174.0,14,10,-5,-8,7,-1,-12,-4,-7,3,13,18
175.0,14,10,-4,-8,7,-1,-13,-4,-6,4,13,19
176.0,15,11,-4,-9,8,0,-14,-4,-6,4,14,19
177.0,15,12,-4,-9,8,0,-14,-4,-5,5,14,21
178.0,15,13,-4,-9,8,1,-15,-4,-4,6,16,21
179.0,15,14,-3,-10,8,1,-15,-5,-4,6,16,22
180.0,16,14,-3,-11,8,1,-15,-5,-3,7,18,24
181.0,17,15,-3,-11,8,2,-16,-5,-3,8,19,25
182.0,17,16,-3,-12,8,2,-16,-5,-3,9,20,26
183.0,17,17,-3,-12,8,2,-16,-5,-2,9,20,27
184.0,18,17,-2,-12,8,3,-16,-5,-2,10,21,27
185.0,18,18,-2,-13,8,3,-17,-5,-1,11,22,28
186.0,19,18,-2,-13,8,3,-17,-5,-1,11,22,29
187.0,19,18,-2,-13,9,4,-17,-5,-1,12,24,29
188.0,20,18,-2,-14,9,4,-17,-4,0,12,25,30
189.0,20,17,-2,-14,9,4,-16,-4,0,13,26,31
190.0,20,17,-3,-15,9,4,-16,-3,1,13,27,32
191.0,21,16,-3,-15,10,4,-15,-3,1,13,28,33
192.0,21,14,-3,-15,10,3,-14,-2,1,13,29,33
193.0,21,13,-4,-15,10,3,-14,-2,1,13,29,34
194.0,22,12,-4,-15,11,3,-14,-1,1,13,29,34
195.0,22,11,-5,-15,12,2,-13,-1,1,13,30,35
196.0,22,10,-6,-15,12,2,-12,0,0,13,31,36
197.0,22,9,-7,-15,13,1,-11,0,0,13,32,36
198.0,23,8,-7,-15,13,0,-11,0,-1,12,32,36
199.0,23,6,-8,-15,14,0,-10,1,-1,12,32,37
200.0,23,4,-9,-14,14,-1,-10,1,-2,11,33,37
201.0,23,2,-10,-14,15,-1,-8,2,-3,11,33,37
202.0,23,1,-12,-14,15,-2,-7,2,-3,11,33,38
203.0,23,0,-13,-14,16,-4,-7,2,-4,10,34,38
204.0,23,-1,-14,-13,17,-5,-6,3,-4,9,34,39
205.0,23,-3,-15,-13,18,-6,-6,3,-5,8,34,39
206.0,23,-4,-16,-12,18,-6,-5,3,-5,7,35,39
207.0,23,-6,-17,-12,19,-7,-4,4,-5,7,35,40
208.0,23,-7,-18,-11,20,-8,-3,4,-6,6,35,40
209.0,23,-10,-20,-11,20,-10,-3,4,-7,5,35,40
210.0,23,-11,-20,-10,21,-11,-2,5,-7,4,35,40
211.0,23,-12,-22,-10,21,-13,-1,5,-8,3,35,40
212.0,22,-13,-24,-9,22,-14,-1,5,-9,3,35,40
213.0,22,-14,-25,-9,23,-15,0,5,-10,2,35,40
214.0,22,-15,-25,-8,23,-15,0,5,-11,0,34,40
215.0,22,-16,-26,-8,24,-17,0,5,-11,-1,34,40
216.0,21,-18,-27,-7,24,-18,1,5,-12,-2,34,40
217.0,21,-19,-27,-6,25,-19,1,5,-13,-2,33,39
218.0,21,-20,-29,-6,25,-20,2,5,-13,-3,33,38
219.0,20,-20,-30,-6,25,-20,2,5,-14,-4,33,38
220.0,19,-22,-31,-4,26,-22,3,5,-15,-5,32,37
221.0,19,-22,-32,-4,26,-22,4,5,-15,-6,31,36
222.0,18,-24,-33,-3,26,-24,4,5,-15,-7,30,36
223.0,18,-24,-34,-2,27,-24,4,5,-16,-8,29,35
224.0,18,-25,-35,-2,27,-25,5,5,-16,-9,29,34
225.0,17,-26,-35,-2,27,-26,5,5,-17,-10,28,33
226.0,17,-27,-36,-1,27,-27,6,5,-17,-11,27,32
227.0,16,-29,-37,0,28,-28,7,5,-17,-12,26,31
228.0,16,-30,-37,0,28,-29,7,5,-17,-13,25,31
229.0,16,-30,-38,1,28,-30,7,5,-17,-13,25,30
230.0,15,-31,-39,1,28,-31,8,5,-17,-14,24,28
231.0,15,-32,-40,1,28,-32,8,5,-17,-15,23,26
232.0,15,-32,-40,2,28,-32,8,5,-17,-16,22,25
233.0,14,-32,-40,2,29,-33,8,5,-17,-16,22,25
234.0,14,-32,-40,3,29,-33,8,5,-16,-17,20,24
235.0,14,-32,-41,4,29,-34,8,5,-16,-17,19,23
236.0,14,-32,-41,4,29,-34,8,5,-16,-18,18,22
237.0,13,-32,-41,4,29,-34,8,5,-15,-18,17,21
238.0,13,-32,-42,5,29,-35,8,5,-15,-18,16,21
239.0,13,-31,-42,5,28,-35,7,5,-14,-18,15,20
240.0,13,-31,-42,5,28,-35,7,5,-13,-18,15,19
241.0,12,-31,-42,5,28,-35,7,5,-13,-18,14,18
242.0,12,-30,-41,6,28,-35,7,5,-12,-18,14,17
243.0,12,-29,-41,6,28,-35,6,4,-11,-18,12,16
244.0,12,-28,-41,6,27,-35,6,4,-10,-18,12,16
245.0,11,-28,-41,6,27,-35,6,4,-9,-18,11,15
246.0,11,-27,-40,6,27,-34,5,4,-8,-18,11,14
247.0,11,-26,-40,6,26,-34,5,4,-8,-17,10,13
248.0,11,-25,-39,6,26,-34,4,4,-7,-17,10,13
249.0,10,-24,-38,6,26,-33,4,4,-7,-17,9,13
250.0,10,-23,-38,6,25,-32,4,4,-6,-16,8,12
251.0,10,-22,-37,6,24,-32,3,3,-5,-16,8,11
252.0,10,-22,-37,6,24,-32,3,3,-4,-15,7,10
253.0,9,-20,-36,6,24,-31,3,3,-4,-15,7,10
254.0,9,-19,-34,6,23,-30,3,3,-3,-14,7,9
255.0,8,-19,-34,6,23,-29,2,3,-2,-14,6,8
256.0,8,-18,-33,5,22,-29,2,3,-2,-13,6,8
257.0,8,-17,-33,5,21,-28,2,3,-1,-13,5,7
258.0,7,-15,-31,5,20,-27,2,3,-1,-12,4,6
259.0,6,-15,-30,5,20,-26,2,3,0,-12,4,6
260.0,6,-14,-29,5,19,-26,2,3,0,-11,3,5
261.0,6,-13,-29,5,18,-25,2,3,0,-11,3,4
262.0,5,-12,-27,5,18,-24,2,2,1,-10,3,3
263.0,4,-12,-26,5,17,-23,2,2,1,-10,2,2
264.0,4,-11,-25,4,17,-22,2,2,1,-10,2,1
265.0,3,-11,-24,4,16,-22,2,2,1,-10,1,1
266.0,2,-10,-23,4,15,-21,2,2,1,-9,0,0
267.0,2,-9,-22,4,14,-19,2,2,1,-8,0,0
268.0,1,-8,-21,4,13,-19,2,2,1,-8,0,-1
269.0,1,-8,-20,4,12,-18,2,2,1,-8,0,-1
270.0,0,-7,-18,4,11,-16,2,2,2,-7,-1,-2
271.0,0,-7,-17,4,10,-16,2,2,2,-7,-1,-3
272.0,0,-6,-16,4,10,-15,2,2,2,-7,-1,-3
273.0,-1,-6,-15,4,9,-14,2,1,2,-7,-2,-4
274.0,-2,-5,-14,4,8,-14,3,1,3,-6,-3,-5
275.0,-2,-5,-13,4,7,-13,3,1,3,-6,-3,-6
276.0,-2,-4,-12,4,7,-12,3,1,3,-6,-3,-7
277.0,-4,-4,-11,4,6,-11,3,1,4,-5,-4,-7
278.0,-4,-3,-10,4,5,-10,3,1,4,-5,-4,-8
279.0,-4,-3,-9,4,4,-9,3,1,4,-5,-5,-8
280.0,-5,-3,-8,4,4,-8,3,1,4,-5,-5,-8
281.0,-5,-2,-7,4,3,-7,4,1,4,-4,-6,-9
282.0,-6,-2,-5,4,2,-7,4,1,4,-4,-6,-10
283.0,-6,-2,-5,4,2,-7,4,1,4,-4,-6,-10
284.0,-6,-2,-4,4,1,-6,4,1,5,-4,-7,-10
285.0,-7,-1,-3,4,0,-6,4,1,5,-3,-7,-11
286.0,-7,-1,-2,4,0,-5,4,1,5,-3,-7,-11
287.0,-7,-1,-2,4,0,-4,4,1,5,-3,-8,-11
288.0,-7,-1,-1,4,-1,-4,4,1,5,-3,-8,-11
289.0,-8,-1,0,4,-1,-3,4,1,5,-3,-8,-12
290.0,-8,-1,0,4,-2,-3,4,1,5,-2,-9,-12
291.0,-8,-1,0,4,-2,-2,4,1,5,-2,-9,-12
292.0,-8,-1,0,4,-2,-2,4,1,5,-2,-9,-12
293.0,-8,-1,1,4,-3,-1,4,1,5,-2,-9,-12
294.0,-8,-1,2,4,-3,-1,4,1,5,-2,-9,-12
295.0,-8,-1,2,4,-4,-1,4,1,6,-2,-9,-12
296.0,-8,0,3,4,-4,-1,4,1,6,-2,-10,-13
297.0,-8,0,3,4,-5,-1,5,1,6,-2,-10,-13
298.0,-8,0,3,4,-5,-1,5,1,6,-1,-10,-13
299.0,-9,0,4,4,-5,-1,5,1,6,-1,-10,-13
300.0,-9,0,4,4,-5,0,5,1,6,-1,-10,-13
301.0,-9,0,5,4,-6,0,5,1,6,-1,-11,-13
302.0,-9,0,5,4,-6,0,5,1,6,-1,-11,-13
303.0,-9,0,5,4,-6,0,5,1,6,-1,-11,-13
304.0,-9,0,6,4,-7,1,5,1,6,-1,-11,-13
305.0,-9,0,6,4,-7,1,5,1,6,-1,-11,-13
306.0,-9,0,6,4,-7,1,5,1,6,-1,-11,-13
307.0,-9,0,6,4,-7,1,5,1,6,-1,-11,-13
308.0,-9,0,7,4,-7,2,5,1,6,-1,-11,-13
309.0,-9,0,7,4,-8,2,5,1,6,0,-11,-13
310.0,-9,0,7,4,-8,2,5,1,6,0,-11,-13
311.0,-9,0,7,4,-8,2,5,1,6,0,-11,-13
312.0,-9,0,8,4,-8,2,4,1,6,0,-11,-13
313.0,-9,0,8,4,-8,2,4,1,6,0,-12,-14
314.0,-9,0,8,4,-8,2,4,1,6,0,-12,-14
315.0,-9,0,8,4,-8,3,4,1,6,0,-12,-14
316.0,-9,0,8,4,-8,3,4,1,7,0,-12,-14
317.0,-9,0,8,4,-8,3,4,1,7,0,-12,-14
318.0,-9,0,8,4,-8,3,4,1,7,0,-12,-14
319.0,-9,0,9,4,-9,3,4,1,7,0,-12,-14
320.0,-9,0,9,4,-9,3,4,1,7,0,-12,-14
321.0,-9,0,9,4,-9,3,4,1,7,0,-12,-14
322.0,-9,0,9,4,-9,3,4,1,7,0,-12,-14
323.0,-9,1,9,4,-9,3,4,1,7,0,-12,-14
324.0,-9,1,9,4,-9,3,4,1,7,0,-12,-14
325.0,-9,1,9,4,-9,4,4,1,6,0,-12,-14
326.0,-9,1,9,4,-9,4,4,1,6,0,-12,-14
327.0,-9,1,9,4,-9,4,4,1,6,0,-12,-14
328.0,-9,1,9,4,-9,4,4,1,6,0,-12,-14
329.0,-9,1,10,4,-9,4,4,1,6,0,-12,-14
330.0,-9,0,10,4,-9,4,4,1,6,0,-12,-14
331.0,-9,0,10,4,-9,4,4,1,6,0,-12,-14
332.0,-9,0,10,4,-9,4,4,1,6,0,-12,-14
333.0,-9,0,10,4,-9,4,4,1,6,0,-12,-14
334.0,-9,0,10,4,-9,4,4,1,6,0,-12,-14
335.0,-9,0,10,4,-9,4,4,1,6,0,-12,-14
336.0,-9,0,10,4,-9,4,4,1,6,0,-12,-14
337.0,-9,0,10,4,-9,4,4,1,6,0,-12,-14
338.0,-9,0,10,4,-9,4,4,1,6,0,-12,-14
339.0,-9,0,10,4,-9,4,4,1,6,0,-12,-14
340.0,-9,0,10,4,-9,4,4,1,6,0,-12,-14
341.0,-9,0,10,4,-9,4,4,1,6,0,-12,-14
342.0,-9,0,10,4,-9,4,4,1,6,0,-12,-14
343.0,-9,0,10,4,-9,4,4,1,6,0,-12,-14
344.0,-9,0,10,4,-9,4,4,1,6,0,-12,-14
345.0,-9,0,10,4,-9,4,4,1,6,0,-12,-14
346.0,-9,0,10,4,-9,4,4,1,6,0,-12,-14
347.0,-9,0,10,4,-9,4,4,1,6,0,-12,-14
348.0,-9,0,10,4,-9,4,4,1,5,0,-12,-14
349.0,-9,0,10,4,-9,4,4,1,5,0,-12,-14
350.0,-9,0,10,4,-9,4,4,1,5,0,-12,-14
351.0,-9,0,10,4,-9,4,4,1,5,0,-12,-14
352.0,-9,0,9,4,-9,4,4,1,5,0,-12,-14
353.0,-9,0,9,4,-9,4,4,1,5,0,-12,-14
354.0,-9,0,9,4,-9,4,4,1,5,0,-12,-14
355.0,-9,0,9,4,-9,4,4,1,5,0,-12,-14
356.0,-9,0,9,4,-9,4,4,1,5,0,-12,-14
357.0,-9,0,9,4,-9,4,4,1,5,0,-12,-14
358.0,-9,0,9,4,-9,4,4,1,5,0,-12,-14
359.0,-9,0,9,4,-9,3,4,1,5,0,-12,-14
360.0,-9,0,9,4,-9,3,4,1,5,0,-12,-14
361.0,-9,0,9,4,-9,3,4,1,5,0,-12,-14
362.0,-9,0,9,4,-9,3,4,1,5,0,-13,-14
363.0,-9,0,9,4,-9,3,4,1,5,0,-13,-14
364.0,-9,0,9,4,-9,3,4,1,5,0,-13,-14
365.0,-9,0,9,4,-9,3,4,1,5,0,-13,-14
366.0,-9,0,9,4,-9,3,4,1,5,0,-13,-14
367.0,-9,0,9,4,-9,3,4,1,5,0,-13,-14
368.0,-9,0,9,4,-9,3,4,1,5,0,-13,-14
369.0,-9,0,9,4,-9,3,4,1,5,0,-13,-14
370.0,-9,0,9,4,-9,3,4,1,6,0,-13,-14
371.0,-9,0,9,4,-9,3,4,1,6,0,-13,-14
372.0,-9,0,9,4,-9,3,4,1,6,0,-13,-14
373.0,-9,0,9,4,-9,3,4,1,5,0,-13,-14
374.0,-9,0,9,4,-9,3,4,1,5,0,-13,-14
375.0,-9,0,9,4,-9,3,4,1,5,0,-13,-14
376.0,-9,0,9,4,-9,3,4,1,5,0,-13,-14
377.0,-9,0,9,4,-9,3,4,1,6,0,-13,-14
378.0,-9,0,9,4,-9,3,4,1,6,0,-13,-14
379.0,-9,0,9,4,-9,3,4,1,6,0,-13,-14
380.0,-9,0,9,4,-9,3,4,1,6,0,-13,-14
381.0,-9,0,9,4,-9,3,4,1,5,0,-12,-14
382.0,-9,0,9,4,-9,3,4,1,5,0,-12,-14
383.0,-9,0,9,4,-9,3,4,1,5,0,-12,-14
384.0,-9,0,9,4,-9,3,4,1,5,0,-12,-14
385.0,-9,0,9,4,-9,3,4,1,5,0,-12,-14
386.0,-9,0,9,4,-9,3,4,1,5,0,-12,-14
387.0,-9,0,9,4,-9,3,4,1,6,0,-12,-14
388.0,-9,0,9,4,-9,3,4,1,6,0,-12,-14
389.0,-9,0,9,4,-9,3,4,0,6,0,-12,-14
390.0,-9,0,9,4,-9,3,3,0,6,0,-12,-14
391.0,-9,0,9,4,-9,3,3,0,6,0,-12,-14
392.0,-9,0,9,4,-9,3,3,0,6,0,-12,-14
393.0,-9,0,9,4,-9,3,3,0,6,0,-12,-14
394.0,-9,0,9,4,-9,3,4,0,6,0,-12,-14
395.0,-9,0,9,4,-9,3,4,0,6,0,-12,-14
396.0,-9,0,9,4,-9,3,4,0,6,0,-12,-14
397.0,-9,0,9,4,-9,3,4,0,6,0,-12,-14
398.0,-9,0,9,4,-9,3,4,0,6,0,-12,-14
399.0,-8,0,9,4,-9,3,4,0,6,0,-12,-14
400.0,-8,0,9,4,-9,3,4,1,6,0,-12,-14
401.0,-8,0,9,4,-9,3,4,1,6,0,-12,-14
402.0,-8,0,9,4,-9,3,4,1,6,0,-12,-14
403.0,-9,0,9,4,-9,3,4,1,6,0,-12,-14
404.0,-9,0,9,4,-9,3,4,1,6,0,-12,-14
405.0,-9,0,9,4,-9,3,4,1,7,0,-12,-14
406.0,-9,0,9,4,-9,3,4,1,7,0,-12,-14
407.0,-9,0,9,4,-9,3,4,1,7,0,-12,-14
408.0,-9,0,9,4,-9,3,4,1,7,0,-12,-14
409.0,-9,0,9,4,-9,3,4,1,7,0,-12,-14
410.0,-9,0,9,4,-9,3,4,1,7,0,-12,-14
411.0,-9,0,9,4,-9,3,4,1,7,0,-12,-14
412.0,-9,0,9,4,-9,3,4,1,7,0,-12,-14
413.0,-9,0,9,4,-9,3,4,1,7,0,-12,-14
414.0,-9,0,9,4,-9,3,5,1,7,0,-12,-14
415.0,-9,0,9,4,-9,3,5,1,7,0,-12,-14
416.0,-9,0,9,4,-9,3,5,1,7,0,-12,-14
417.0,-9,0,9,4,-9,4,5,2,8,0,-12,-14
418.0,-9,0,9,4,-9,4,5,2,8,0,-12,-14
419.0,-9,0,9,4,-9,4,5,2,8,0,-12,-14
420.0,-9,0,9,4,-9,4,5,2,8,0,-12,-14
421.0,-9,0,9,4,-9,4,5,2,8,0,-12,-14
422.0,-9,0,9,4,-9,4,5,2,8,0,-12,-14
423.0,-9,0,9,4,-9,4,5,2,8,0,-12,-14
424.0,-9,0,9,4,-9,4,5,2,8,0,-12,-14
425.0,-9,0,9,4,-9,4,5,2,8,0,-12,-14
426.0,-9,0,9,4,-9,4,5,2,9,0,-12,-14
427.0,-9,0,9,4,-9,4,5,2,9,0,-12,-14
428.0,-9,0,9,4,-9,4,5,2,9,0,-12,-14
429.0,-9,0,9,4,-9,4,5,2,9,0,-12,-14
430.0,-9,0,9,4,-9,4,5,2,9,0,-12,-14
431.0,-9,0,9,4,-9,4,5,2,10,0,-12,-14
432.0,-9,0,9,4,-9,4,5,3,10,0,-12,-14
433.0,-9,0,9,4,-9,4,6,3,10,0,-12,-14
434.0,-9,0,9,4,-9,4,6,3,10,0,-12,-14
435.0,-9,0,9,4,-9,4,6,3,10,0,-12,-14
436.0,-9,0,9,4,-9,4,6,3,10,0,-12,-14
437.0,-9,0,10,4,-9,4,6,3,11,0,-12,-14
438.0,-9,0,10,4,-9,4,6,3,11,1,-12,-14
439.0,-9,0,10,4,-9,4,6,3,11,1,-12,-14
440.0,-9,0,10,4,-9,4,6,3,11,1,-12,-14
441.0,-9,0,10,4,-9,4,6,3,11,1,-12,-15
442.0,-10,0,10,4,-9,4,6,3,12,1,-12,-15
443.0,-10,0,10,4,-9,4,6,3,12,1,-12,-15
444.0,-10,0,10,4,-9,4,6,4,12,1,-12,-15
445.0,-10,0,10,4,-9,4,6,4,12,1,-12,-15
446.0,-10,0,10,4,-9,4,7,4,13,1,-12,-15
447.0,-10,0,10,4,-9,4,7,4,13,1,-12,-15
448.0,-10,0,10,4,-9,4,7,4,13,1,-12,-15
449.0,-10,0,10,4,-9,4,7,4,13,1,-12,-15
450.0,-10,0,10,4,-9,4,7,4,13,2,-12,-15
451.0,-10,0,10,4,-9,4,7,4,14,2,-12,-15
452.0,-10,0,10,4,-9,4,7,4,14,2,-12,-15
453.0,-10,0,10,4,-9,4,7,4,14,2,-12,-15
454.0,-10,0,10,4,-9,4,7,4,14,2,-12,-15
455.0,-10,0,10,4,-9,4,7,4,15,2,-12,-15
456.0,-10,0,10,4,-9,4,7,5,15,2,-12,-15
457.0,-10,0,10,4,-9,4,7,5,15,2,-12,-15
458.0,-10,0,10,4,-9,4,8,5,15,2,-12,-15
459.0,-10,0,10,4,-9,4,8,5,16,3,-12,-15
460.0,-10,0,10,4,-10,4,8,5,16,3,-12,-15
461.0,-10,0,10,4,-10,4,8,5,16,3,-12,-15
462.0,-10,0,10,4,-10,4,8,5,16,3,-12,-15
463.0,-10,0,10,4,-10,4,8,5,17,3,-12,-15
464.0,-10,0,10,4,-10,4,8,5,17,3,-12,-15
465.0,-10,0,10,4,-10,4,8,5,17,3,-12,-15
466.0,-10,0,10,4,-10,4,8,5,17,3,-12,-15
467.0,-10,0,10,4,-10,4,8,5,17,3,-12,-15
468.0,-10,0,10,4,-10,4,8,5,18,4,-12,-15
469.0,-10,0,10,4,-10,4,8,5,18,4,-12,-15
470.0,-10,0,10,4,-10,4,8,5,18,4,-12,-15
471.0,-10,0,10,4,-10,4,8,6,18,4,-12,-15
472.0,-10,0,10,4,-10,4,8,6,19,4,-12,-15
473.0,-10,0,10,4,-10,4,8,6,19,4,-12,-15
474.0,-10,0,10,4,-10,4,9,6,19,4,-12,-15
475.0,-10,0,10,4,-10,4,9,6,19,4,-12,-15
476.0,-10,0,10,4,-10,4,9,6,19,5,-12,-15
477.0,-10,0,10,4,-10,4,9,6,19,5,-12,-15
478.0,-10,0,10,4,-10,4,9,6,19,5,-12,-15
479.0,-10,0,10,4,-10,4,9,6,19,5,-12,-15
480.0,-10,0,10,4,-10,4,9,6,19,5,-12,-15
481.0,-10,0,10,4,-10,4,9,6,19,5,-12,-15
482.0,-10,0,10,4,-10,4,9,6,20,5,-12,-15
483.0,-10,0,10,4,-10,4,9,6,20,5,-12,-15
484.0,-10,0,10,4,-10,4,9,6,20,6,-12,-15
485.0,-10,1,10,4,-10,4,9,6,20,6,-12,-15
486.0,-10,1,10,4,-10,4,9,6,20,6,-12,-15
487.0,-10,1,10,4,-10,4,9,6,20,6,-12,-15
488.0,-10,1,10,4,-10,4,9,6,20,6,-12,-15
489.0,-10,1,10,4,-10,4,9,6,20,6,-11,-15
490.0,-10,1,10,4,-10,4,9,6,20,6,-11,-15
491.0,-10,1,10,4,-10,4,9,6,20,6,-11,-15
492.0,-10,1,10,4,-10,4,9,6,20,6,-11,-15
493.0,-10,1,10,4,-10,4,9,6,20,7,-11,-15
494.0,-10,1,10,4,-10,4,9,6,20,7,-11,-15
495.0,-10,1,10,4,-10,5,8,6,20,7,-11,-15
496.0,-10,1,11,4,-10,5,8,6,20,7,-11,-15
497.0,-9,1,11,4,-10,5,8,6,20,7,-11,-14
498.0,-9,1,11,4,-10,5,8,6,20,7,-11,-14
499.0,-9,1,11,4,-10,5,8,6,20,7,-11,-14
500.0,-9,1,11,4,-10,5,8,5,20,7,-11,-14
501.0,-9,1,11,4,-10,5,8,5,20,7,-10,-14
502.0,-9,1,10,4,-10,5,8,5,19,7,-10,-14
503.0,-9,1,10,4,-10,5,8,5,19,7,-10,-13
504.0,-9,1,10,4,-10,5,8,5,19,8,-10,-13
505.0,-9,1,10,4,-10,5,8,5,19,8,-10,-13
506.0,-9,1,10,3,-10,5,7,5,18,8,-10,-13
507.0,-9,1,10,3,-10,5,7,5,18,8,-10,-13
508.0,-8,1,10,3,-9,5,7,5,18,8,-10,-13
509.0,-8,1,10,3,-9,5,7,5,17,8,-9,-12
510.0,-8,2,10,3,-9,5,7,4,17,8,-9,-12
511.0,-8,2,10,3,-9,5,6,4,17,8,-9,-12
512.0,-8,2,10,3,-9,5,6,4,17,8,-9,-12
513.0,-7,2,10,3,-9,5,6,4,16,8,-9,-12
514.0,-7,2,10,3,-9,5,6,4,16,8,-9,-11
515.0,-7,2,10,3,-9,5,6,4,16,8,-8,-11
516.0,-7,2,10,3,-9,5,5,4,15,8,-8,-11
517.0,-6,2,10,3,-9,5,5,4,15,8,-8,-10
518.0,-6,2,9,2,-8,5,5,3,15,8,-8,-10
519.0,-6,3,9,2,-8,5,4,3,14,8,-8,-10
520.0,-5,3,9,2,-8,5,4,3,14,8,-7,-9
521.0,-5,3,9,2,-8,5,4,3,14,8,-7,-9
522.0,-5,3,9,2,-8,5,3,3,13,8,-7,-9
523.0,-5,3,9,2,-8,5,3,2,13,8,-7,-9
524.0,-5,3,9,2,-8,5,3,2,12,8,-6,-8
525.0,-4,4,9,1,-7,5,3,2,12,8,-6,-8
526.0,-4,4,9,1,-7,5,2,1,11,8,-6,-8
527.0,-4,4,9,1,-7,5,2,1,11,8,-6,-7
528.0,-4,4,9,1,-7,5,2,1,11,8,-5,-7
529.0,-4,4,9,1,-7,5,1,1,10,8,-5,-6
530.0,-4,4,9,1,-7,5,1,1,10,8,-5,-6
531.0,-3,4,8,0,-7,5,1,0,9,8,-5,-6
532.0,-3,4,8,0,-7,5,1,0,9,8,-4,-5
533.0,-3,4,8,0,-6,5,0,0,9,8,-4,-5
534.0,-3,4,8,0,-6,5,0,0,8,8,-4,-5
535.0,-3,5,8,0,-6,5,0,0,7,8,-4,-4
536.0,-2,5,8,0,-6,5,0,0,7,7,-3,-4
537.0,-2,5,8,0,-6,5,0,0,7,7,-3,-4
538.0,-2,5,8,0,-6,5,0,0,6,7,-3,-3
539.0,-2,5,8,0,-6,5,0,0,6,7,-3,-3
540.0,-2,5,8,0,-5,5,0,0,5,7,-2,-3
541.0,-2,5,7,0,-5,5,0,0,5,7,-2,-3
542.0,-1,4,7,0,-5,5,0,0,5,7,-2,-2
543.0,-1,4,7,0,-5,4,0,0,4,7,-2,-2
544.0,-1,4,7,0,-5,4,0,0,4,7,-2,-2
545.0,-1,4,7,0,-5,4,-1,0,4,6,-1,-2
546.0,-1,4,7,0,-4,4,-1,0,3,6,-1,-2
547.0,-1,4,6,0,-4,4,-1,-1,3,6,-1,-1
548.0,-1,4,6,0,-4,4,-1,-1,3,6,-1,-1
549.0,-1,4,6,0,-4,4,-1,-1,2,6,-1,-1
550.0,0,3,6,0,-4,4,-1,-1,2,6,0,-1
551.0,0,3,6,-1,-4,4,-1,-1,2,5,0,0
552.0,0,3,6,-1,-3,4,-1,-1,2,5,0,0
553.0,0,3,5,-1,-3,3,-1,-1,2,5,0,0
554.0,0,3,5,-1,-3,3,-1,-1,1,5,0,0
555.0,0,3,5,-1,-3,3,-1,-1,1,5,0,0
556.0,0,3,5,-1,-3,3,-1,-1,1,5,0,0
557.0,0,3,5,-1,-3,3,-1,-1,1,5,0,0
558.0,0,3,4,-1,-2,3,-2,-1,1,4,0,0
559.0,0,3,4,-1,-2,3,-2,-1,1,4,0,0
560.0,0,3,4,-1,-2,3,-2,-1,1,4,0,0
561.0,0,3,4,-1,-2,3,-2,-1,1,4,0,0
562.0,0,3,4,-1,-2,2,-2,-1,1,4,0,0
563.0,0,3,4,-1,-2,2,-2,-1,1,4,0,0
564.0,0,3,4,-1,-2,2,-2,-1,0,4,0,0
565.0,0,3,4,-1,-2,2,-2,-1,0,4,1,0
566.0,0,3,3,-1,-2,2,-2,-1,0,3,1,0
567.0,0,3,3,-1,-2,2,-2,-2,0,3,1,1
568.0,0,3,3,-1,-1,2,-2,-2,0,3,1,1
569.0,0,3,3,-1,-1,2,-2,-2,-1,3,1,1
570.0,0,3,3,-1,-1,2,-2,-2,-1,3,1,1
571.0,0,3,3,-1,-1,2,-2,-2,-1,3,1,1
572.0,0,3,3,-1,-1,2,-2,-2,-1,3,1,1
573.0,0,3,3,-1,-1,2,-2,-2,-1,2,1,1
574.0,0,3,3,-1,-1,2,-2,-2,-1,2,1,1
575.0,0,3,2,-1,-1,2,-2,-2,-1,2,1,1
576.0,0,3,2,-1,-1,2,-2,-2,-1,2,1,1
577.0,0,3,2,-1,-1,1,-2,-2,-1,2,1,1
578.0,0,3,2,-1,-1,1,-2,-2,-1,2,1,1
579.0,0,3,2,-1,-1,1,-2,-2,-1,2,2,1
580.0,0,3,2,-1,-1,1,-2,-2,-1,2,2,2
581.0,0,2,2,-1,0,1,-2,-2,-1,2,2,2
582.0,0,2,2,-1,0,1,-2,-2,-2,2,2,2
583.0,0,2,2,-1,0,1,-2,-2,-2,1,2,2
584.0,0,2,2,-1,0,1,-2,-2,-2,1,2,2
585.0,0,2,2,-1,0,1,-2,-2,-2,1,2,2
586.0,0,2,2,-1,0,1,-2,-2,-2,1,2,2
587.0,0,2,2,-1,0,1,-2,-2,-2,1,2,2
588.0,0,2,2,-1,0,1,-2,-2,-2,1,2,2
589.0,0,2,1,-1,0,1,-2,-2,-2,1,2,2
590.0,0,2,1,-1,0,1,-2,-2,-2,1,2,2
591.0,0,2,1,-1,0,1,-2,-2,-2,1,2,2
592.0,0,2,1,-1,0,1,-2,-2,-2,1,2,2
593.0,0,2,1,-1,0,1,-2,-2,-2,1,2,2
594.0,0,2,1,-1,0,1,-2,-2,-2,1,2,2
595.0,0,2,1,-1,0,1,-2,-2,-2,1,2,2
596.0,0,2,1,-1,0,1,-2,-2,-2,0,2,2
597.0,0,2,1,-1,0,0,-2,-2,-2,0,2,2
598.0,0,2,1,-1,0,0,-2,-2,-2,0,2,2
599.0,1,2,1,-1,0,0,-2,-2,-2,0,2,2
600.0,1,2,1,-1,0,0,-2,-2,-2,0,2,2
601.0,1,2,1,-1,0,0,-2,-2,-2,0,2,2
602.0,1,2,1,-1,0,0,-2,-2,-2,0,2,2
603.0,1,2,1,-1,0,0,-2,-2,-2,0,2,2
604.0,1,2,1,-1,0,0,-3,-2,-2,0,2,2
605.0,1,2,1,-1,0,0,-3,-2,-2,0,2,2
606.0,1,2,1,-1,0,0,-3,-2,-2,0,2,2
607.0,1,2,1,-1,0,0,-3,-2,-3,0,2,2
608.0,1,2,1,-1,0,0,-3,-2,-3,0,2,2
609.0,1,2,1,-1,0,0,-3,-2,-3,0,2,2
610.0,1,2,0,-1,0,0,-3,-2,-3,0,2,2
611.0,1,2,0,-1,0,0,-3,-2,-3,0,2,2
612.0,1,2,0,-1,0,0,-3,-2,-3,0,2,2
613.0,1,2,0,-1,0,0,-3,-2,-3,0,2,2
614.0,1,2,0,-1,0,0,-3,-2,-3,0,2,2
615.0,1,2,0,-1,0,0,-3,-2,-3,0,2,2
616.0,1,2,0,-1,0,0,-3,-2,-3,0,2,2
617.0,1,2,0,-1,0,0,-3,-2,-3,0,2,2
618.0,1,2,0,-1,0,0,-3,-2,-3,0,2,2
619.0,1,2,0,-1,0,0,-3,-2,-3,0,2,2
620.0,1,2,0,-1,0,0,-3,-2,-3,0,2,2
621.0,1,2,0,-1,0,0,-3,-2,-3,0,2,2
622.0,1,2,0,-1,0,0,-3,-2,-3,0,2,2
623.0,1,2,0,-1,0,0,-3,-2,-3,0,2,2
624.0,1,2,0,-1,0,0,-3,-2,-3,0,2,2
625.0,1,2,0,-1,0,0,-3,-2,-3,0,2,2
626.0,1,2,0,-1,0,0,-3,-2,-3,0,2,2
627.0,1,2,0,-1,0,0,-3,-2,-3,0,2,2
628.0,1,2,0,-1,0,0,-3,-2,-3,0,2,2
629.0,1,2,0,-1,0,0,-2,-2,-3,0,2,2
630.0,1,2,0,-1,0,0,-2,-2,-3,0,2,2
631.0,1,2,0,-1,0,0,-2,-2,-3,0,2,2
632.0,1,2,0,-1,0,0,-2,-2,-3,0,2,2
633.0,1,2,0,-1,0,0,-2,-2,-3,0,2,2
634.0,1,2,0,-1,0,0,-2,-2,-3,0,2,2
635.0,1,2,0,-1,0,0,-2,-2,-3,0,2,2
636.0,1,2,0,-1,0,0,-2,-2,-3,0,2,2
637.0,1,2,0,-1,0,0,-2,-2,-3,0,2,2
638.0,1,2,0,-1,0,0,-2,-2,-3,0,2,2
639.0,1,2,0,-1,0,0,-2,-2,-3,0,2,2
640.0,1,2,0,-1,0,0,-2,-2,-3,0,2,2
641.0,1,2,0,-1,0,0,-2,-2,-3,0,2,2
642.0,1,2,0,-1,0,0,-2,-2,-3,0,2,2
643.0,1,2,0,-1,0,0,-2,-2,-3,0,2,2
644.0,1,2,0,-1,0,0,-2,-2,-3,0,2,2
645.0,1,2,0,-1,0,0,-2,-2,-3,0,2,2
646.0,1,1,0,-1,0,0,-2,-2,-3,0,2,2
647.0,1,1,0,-1,0,0,-2,-2,-3,0,2,2
648.0,1,1,0,-1,0,0,-2,-2,-3,0,2,2
649.0,1,1,0,-1,0,0,-2,-2,-3,0,2,2
650.0,1,1,0,-1,0,0,-2,-2,-3,0,2,2
651.0,1,1,0,-1,0,0,-2,-2,-3,0,2,2
652.0,1,1,0,-1,0,0,-2,-2,-3,0,2,2
653.0,1,1,0,-1,0,0,-2,-2,-3,0,2,2
654.0,1,1,0,-1,0,0,-2,-2,-3,0,2,2
655.0,1,1,0,-1,0,0,-2,-2,-3,0,2,2
656.0,1,1,0,-1,0,0,-2,-2,-3,0,2,2
657.0,1,1,0,-1,0,0,-2,-2,-3,0,2,2
658.0,2,1,0,-1,0,0,-2,-2,-3,0,2,2
659.0,2,1,0,-1,0,0,-2,-2,-3,0,2,2
660.0,2,1,0,-1,0,0,-2,-2,-3,0,2,2
661.0,1,1,0,-1,0,0,-2,-2,-3,0,2,2
662.0,1,1,0,-1,0,0,-2,-2,-3,0,2,2
663.0,1,2,0,-1,0,0,-2,-2,-3,0,2,2
664.0,1,2,0,-1,0,0,-2,-2,-3,0,2,2
665.0,1,2,0,-1,0,0,-2,-2,-3,0,2,2
666.0,1,2,0,-1,0,0,-2,-2,-3,0,2,2
667.0,1,2,0,-1,0,0,-2,-2,-2,0,2,2
668.0,1,2,0,-1,0,0,-2,-2,-2,0,2,2
669.0,1,2,0,-1,0,0,-2,-2,-2,0,2,2
670.0,1,2,0,-1,0,0,-2,-2,-2,0,2,2
671.0,1,2,0,-1,0,0,-2,-2,-2,0,2,2
672.0,1,2,0,-1,0,0,-2,-2,-2,0,2,2
673.0,1,2,0,-1,0,0,-2,-2,-2,0,2,2
674.0,1,2,0,-1,0,0,-2,-2,-2,0,2,2
675.0,1,2,0,-1,0,0,-2,-2,-2,0,2,2
676.0,1,2,0,-1,0,0,-2,-2,-2,0,2,2
677.0,1,2,0,-1,0,0,-2,-2,-2,0,2,2
678.0,1,2,0,-1,0,0,-2,-2,-2,0,2,2
679.0,1,2,0,-1,0,0,-2,-2,-2,0,2,2
680.0,1,2,0,-2,0,0,-2,-2,-2,0,2,2
681.0,1,2,0,-2,0,0,-2,-1,-2,0,2,2
682.0,1,2,1,-2,0,0,-2,-1,-2,0,2,2
683.0,1,2,1,-2,0,0,-2,-1,-1,0,2,2
684.0,1,2,1,-2,0,0,-2,-1,-1,0,2,2
685.0,1,2,1,-2,0,0,-2,-1,-1,0,2,2
686.0,1,2,1,-2,0,0,-2,-1,-1,0,2,2
687.0,1,2,1,-2,0,0,-2,-1,-1,0,2,2
688.0,1,2,1,-1,0,0,-2,-1,-1,0,2,2
689.0,1,2,1,-1,0,0,-2,-1,-1,0,2,2
690.0,1,2,1,-1,0,0,-2,-1,-1,0,2,2
691.0,1,2,1,-1,0,0,-2,-1,-1,0,2,2
692.0,1,2,1,-1,0,0,-2,-1,-1,0,2,2
693.0,1,2,1,-1,0,0,-2,-1,-1,0,2,2
694.0,1,2,1,-1,0,0,-2,-1,-1,0,2,2
695.0,1,2,0,-1,0,0,-2,-1,-1,0,2,2
696.0,1,2,0,-1,0,0,-2,-1,-1,0,2,2
697.0,1,2,0,-1,0,0,-2,-1,-1,0,2,2
698.0,1,2,0,-1,0,0,-2,-1,-1,0,2,1
699.0,1,2,0,-1,0,0,-2,-1,-1,0,2,1
700.0,1,2,0,-1,0,0,-2,-1,-1,0,2,1
701.0,1,2,0,-1,0,0,-2,-1,-1,0,2,1
702.0,1,2,0,-1,0,0,-2,-1,-1,0,2,1
703.0,1,2,0,-1,0,0,-2,-1,-1,0,2,1
704.0,1,2,0,-1,0,0,-2,-1,-1,0,2,1
705.0,1,2,0,-1,0,0,-2,-1,-1,0,2,1
706.0,1,2,0,-1,0,0,-2,-1,-1,0,2,1
707.0,1,2,0,-1,0,0,-2,-1,-1,0,2,1
708.0,0,2,0,-1,0,0,-2,-1,-1,0,2,1
709.0,0,2,0,-1,0,0,-2,-1,0,0,2,1
710.0,0,2,0,-1,0,0,-2,-1,0,0,2,1
711.0,0,2,0,-1,0,0,-2,-1,0,0,2,1
712.0,0,2,1,-1,0,0,-2,-1,0,0,2,1
713.0,0,2,1,-1,0,0,-2,-1,0,0,2,1
714.0,0,2,1,-1,0,0,-2,-1,0,0,2,1
715.0,0,2,1,-1,0,0,-2,-1,0,0,2,1
716.0,1,2,1,-1,0,0,-2,-1,0,0,2,1
717.0,1,2,1,-1,0,0,-2,-1,0,0,2,1
718.0,1,2,1,-1,0,0,-2,-1,0,0,2,1
719.0,1,2,1,-1,0,0,-2,-1,0,0,2,1
720.0,1,2,1,-1,0,0,-2,-1,0,0,2,1
721.0,1,2,1,-1,0,0,-2,-1,0,0,2,1
722.0,1,2,1,-1,0,0,-2,-1,0,0,2,1
723.0,1,2,1,-1,0,0,-2,-1,0,0,2,1
724.0,1,2,1,-1,0,0,-2,-1,0,0,2,1
725.0,1,2,1,-1,0,0,-2,-1,0,0,2,1
726.0,1,2,1,-1,0,0,-2,-1,0,0,2,1
727.0,0,2,1,-1,0,0,-2,-1,0,0,2,1
728.0,0,2,1,-1,0,0,-2,-1,0,0,2,1
729.0,0,2,1,-1,0,0,-2,-1,0,0,2,1
730.0,0,2,1,-1,0,0,-2,-1,0,0,2,1
731.0,0,2,1,-1,0,0,-2,-1,0,0,2,1
732.0,0,2,1,-1,0,0,-2,-1,0,0,2,1
733.0,0,1,1,-1,0,0,-2,-1,0,0,2,1
734.0,0,1,1,-1,0,0,-2,-1,0,0,2,1
735.0,0,1,1,-1,0,0,-2,-1,-1,0,2,1
736.0,0,1,1,-1,0,0,-2,-1,-1,0,2,1
737.0,0,1,1,-1,0,0,-2,-1,-1,0,2,1
738.0,0,1,1,-1,0,0,-2,-1,-1,0,2,1
739.0,0,1,1,-1,0,0,-2,-1,-1,0,2,1
740.0,0,1,1,-1,0,0,-2,-1,-1,0,2,1
741.0,0,1,1,-1,0,0,-2,-1,-1,0,2,1
742.0,0,1,1,-1,0,0,-2,-1,-1,0,2,1
743.0,1,1,1,-1,0,0,-2,-1,-1,0,2,1
744.0,1,1,1,-1,0,0,-2,-1,-1,0,2,1
745.0,1,1,1,-1,0,0,-2,-1,-1,0,2,1
746.0,1,1,1,-1,0,0,-2,-1,-1,0,2,1
747.0,1,1,0,-1,0,0,-2,-1,-1,0,2,1
748.0,1,2,0,-1,0,0,-2,-1,-1,0,2,1
749.0,1,2,0,-1,0,0,-2,-1,-1,0,2,1
750.0,1,2,0,-1,0,0,-2,-1,-1,0,2,1
751.0,1,2,0,-1,0,0,-2,-1,-1,0,2,1
752.0,1,2,0,-1,0,0,-2,-1,-1,0,2,1
753.0,1,1,0,-1,0,0,-2,-1,-1,0,2,1
754.0,1,1,0,-1,0,0,-2,-1,-1,0,2,1
755.0,1,1,0,-1,0,0,-2,-1,-1,0,2,1
756.0,1,1,0,-1,0,0,-2,-1,-1,0,2,1
757.0,1,1,0,-1,0,0,-2,-1,-1,0,2,1
758.0,1,1,0,-1,0,0,-2,-1,-1,0,2,1
759.0,1,1,0,-1,0,0,-2,-1,-1,0,2,1
760.0,1,1,0,-1,0,0,-2,-1,-1,0,2,1
761.0,1,1,0,-1,0,0,-2,-1,-1,0,2,1
762.0,1,1,0,-1,0,0,-2,-1,-1,0,2,1
763.0,1,1,0,-1,0,0,-2,-1,-1,0,2,1
764.0,0,1,0,-1,0,0,-2,-1,-1,0,2,1
765.0,0,1,0,-1,0,0,-2,-1,-1,0,2,1
766.0,0,1,0,-1,0,0,-2,-1,-1,0,2,1
767.0,0,1,0,-1,0,0,-2,-1,-1,0,2,1
768.0,0,1,0,-1,0,0,-2,-1,-1,0,2,1
769.0,0,0,0,-1,0,-1,-2,-1,-1,0,2,1
770.0,0,0,0,-1,0,-1,-2,-1,-1,0,1,1
771.0,0,0,0,-1,0,-1,-2,-1,-1,0,1,1
772.0,0,0,0,-1,0,-1,-2,-1,-1,0,1,1
773.0,0,0,0,-1,0,-1,-2,-1,-1,0,1,1
774.0,0,0,0,-1,0,-1,-2,-1,-1,0,1,1
775.0,0,0,0,-1,0,-1,-2,-1,-2,0,1,1
776.0,1,0,0,-1,0,-1,-2,-1,-2,0,1,1
777.0,1,0,0,-1,0,-1,-1,-1,-2,0,1,1
778.0,1,0,0,-1,0,-1,-1,-1,-2,0,1,1
779.0,1,0,0,-1,0,-1,-1,-1,-2,0,1,1
780.0,1,0,0,-1,0,-1,-1,-1,-2,0,1,1
781.0,1,0,0,-1,0,-1,-1,-1,-2,0,1,1
782.0,1,0,0,0,0,-1,-1,-1,-2,0,1,1
783.0,1,0,0,0,0,-1,-1,-1,-2,0,1,1
784.0,1,0,0,0,0,-1,-1,-1,-2,0,1,1
785.0,1,0,0,0,0,-1,-1,-1,-2,0,1,1
786.0,1,0,0,0,0,-1,-1,-1,-2,0,1,1
787.0,1,0,0,0,0,-1,-1,-1,-2,0,1,1
788.0,1,0,0,0,0,-1,-1,-1,-2,0,1,1
789.0,1,0,0,0,0,-1,-1,-1,-2,0,1,1
790.0,1,0,0,0,0,-1,-1,-1,-2,0,1,1
791.0,1,0,0,0,0,-1,-1,-1,-2,0,1,1
792.0,1,0,0,0,0,-1,-1,-1,-2,0,1,1
793.0,1,0,0,0,0,-1,-1,-1,-2,0,1,1
794.0,1,0,0,0,0,-1,-1,-1,-2,0,1,1
795.0,1,0,0,0,1,-1,-1,-1,-2,0,1,1
796.0,1,0,0,0,1,-1,-2,-1,-2,0,1,1
797.0,1,0,0,0,1,-1,-2,-1,-2,0,1,1
798.0,1,0,0,0,1,-1,-2,-1,-2,0,1,1
799.0,1,0,0,0,1,-1,-2,-1,-2,0,1,1
800.0,1,0,0,0,1,-1,-2,-1,-2,0,1,1
801.0,1,0,0,0,1,-1,-2,-1,-2,0,1,1
802.0,1,0,0,0,1,-1,-2,-1,-2,0,1,1
803.0,1,0,0,0,1,-1,-2,-1,-2,0,1,1
804.0,1,0,0,0,1,-1,-2,-1,-2,0,1,1
805.0,1,0,0,0,1,-1,-2,-1,-2,0,1,1
806.0,1,0,0,0,1,-1,-2,-1,-2,-1,1,1
807.0,1,0,0,0,1,-1,-2,-2,-2,-1,1,1
808.0,1,0,0,0,1,-1,-2,-2,-2,-1,1,1
809.0,1,0,0,0,1,-1,-2,-2,-2,-1,1,1
810.0,1,0,0,0,1,-1,-2,-2,-2,-1,1,1
811.0,1,0,0,0,0,-1,-2,-2,-2,-1,1,1
812.0,1,0,0,0,0,-1,-2,-2,-2,-1,1,1
813.0,0,0,0,0,0,-1,-2,-2,-2,-1,1,1
814.0,0,0,0,0,0,-1,-2,-2,-2,-1,1,1
815.0,0,0,0,0,0,-1,-2,-2,-2,-1,1,1
816.0,0,0,0,0,0,-1,-2,-2,-2,-1,1,1
817.0,0,0,0,0,0,-1,-2,-2,-2,-1,1,1
818.0,0,0,0,0,0,-1,-2,-2,-2,-1,1,1
819.0,0,0,0,0,0,-1,-2,-2,-2,-1,1,1
820.0,0,0,0,0,0,-1,-2,-2,-2,-1,1,1
821.0,0,0,0,0,0,-1,-2,-2,-2,-1,1,1
822.0,0,0,0,0,0,-1,-2,-2,-2,-1,1,1
823.0,0,0,0,0,0,-1,-2,-2,-2,-1,1,1
824.0,0,0,0,0,0,-1,-2,-2,-2,-1,1,1
825.0,0,0,0,0,0,-1,-2,-2,-2,-1,1,1
826.0,0,0,0,0,0,-1,-2,-2,-2,-1,1,1
827.0,0,0,0,0,0,-1,-2,-2,-2,-1,1,1
828.0,0,0,0,0,0,-1,-2,-2,-2,-1,1,1
829.0,0,0,0,0,0,-1,-2,-2,-2,-1,1,1
830.0,0,0,0,0,0,-1,-2,-2,-2,-1,1,1
831.0,0,0,0,0,0,-1,-2,-2,-2,-1,1,1
832.0,0,0,0,0,0,-1,-2,-2,-2,-1,1,1
833.0,0,0,0,0,0,-1,-1,-2,-2,-1,1,1
834.0,0,0,0,0,0,-1,-1,-2,-2,-1,1,1
835.0,0,0,0,0,0,-1,-1,-2,-2,-1,1,1
836.0,0,0,0,0,0,-1,-1,-2,-2,-1,1,1
837.0,0,0,0,0,0,-1,-1,-2,-2,-1,1,1
838.0,0,0,0,0,0,-1,-1,-2,-2,-1,1,1
839.0,0,0,0,0,0,-1,-1,-1,-2,-1,1,1
840.0,0,0,0,0,0,-1,-1,-1,-2,-1,0,1
841.0,0,0,0,0,0,-1,-1,-1,-2,-1,0,1
842.0,0,0,0,0,0,-1,-1,-1,-2,-1,0,1
843.0,0,0,0,0,0,-1,-1,-1,-2,-1,0,1
844.0,0,0,0,0,0,-1,-1,-1,-2,-1,0,1
845.0,0,0,0,0,0,-1,-1,-1,-2,-1,0,1
846.0,0,0,0,0,0,-1,-1,-1,-2,-1,0,1
847.0,0,0,0,0,0,-1,-1,-1,-2,-1,0,0
848.0,0,0,0,0,0,-1,-1,-1,-2,-1,0,0
849.0,0,0,0,0,0,-1,-1,-1,-2,-1,0,0
850.0,0,0,0,0,0,-1,-1,-1,-2,-1,0,0
851.0,0,0,0,0,0,-1,-1,-1,-2,-1,0,0
852.0,0,0,0,0,0,-1,-1,-1,-2,-1,0,0
853.0,0,0,0,0,0,-1,-1,-1,-2,-1,0,0
854.0,0,0,0,0,0,-1,-1,-1,-2,-1,0,0
855.0,0,0,0,0,0,-1,-1,-1,-1,-1,0,0
856.0,0,0,0,0,0,-1,-1,-1,-1,-1,0,1
857.0,0,0,0,0,0,-1,-1,-1,-1,-1,0,1
858.0,0,0,0,0,0,-1,-1,-1,-1,-1,0,1
859.0,0,0,0,0,0,-1,-1,-1,-1,-1,0,1
860.0,0,0,0,0,0,-1,-1,-1,-1,-1,0,1
861.0,0,0,0,0,0,-1,-1,-1,-1,-1,0,1
862.0,0,0,0,0,0,-1,-1,-1,-1,-1,0,1
863.0,0,0,0,0,0,-1,-1,-1,-1,-1,0,1
864.0,0,0,0,0,0,-1,-1,-1,-1,-1,0,1
865.0,0,0,0,0,0,-1,-1,-1,-1,-1,0,1
866.0,0,0,0,0,0,-1,0,-1,-1,-1,0,1
867.0,0,0,0,0,0,-1,0,-1,-1,-1,0,1
868.0,0,0,0,0,0,-1,0,-1,-1,-1,0,1
869.0,0,0,0,0,0,-1,0,-1,-1,-1,0,1
870.0,0,0,0,0,0,-1,0,-1,-1,-1,0,1
871.0,0,0,0,0,0,-1,0,-1,-1,-1,0,1
872.0,0,0,0,0,0,-1,0,-1,-1,-1,0,1
873.0,0,0,0,0,0,-1,0,-1,-1,-1,0,1
874.0,0,0,0,0,0,-1,0,-1,-1,-1,0,1
875.0,0,0,0,0,0,-1,0,-1,-1,-1,0,1
876.0,0,0,0,0,0,-1,0,-1,-1,-1,0,1
877.0,0,0,0,0,0,-1,0,-1,-1,-1,0,1
878.0,0,0,0,0,0,-1,0,-1,-1,-1,0,1
879.0,0,0,0,0,0,-1,-1,-1,-1,-1,0,1
880.0,0,0,0,0,0,-1,-1,-1,-1,-1,0,1
881.0,0,0,0,0,0,-1,-1,-1,-1,-1,0,1
882.0,0,0,0,0,0,-1,-1,-1,0,-1,0,1
883.0,0,0,0,0,0,-1,-1,-1,0,-1,0,1
884.0,0,0,0,0,0,-1,-1,-1,0,-1,0,1
885.0,0,0,0,0,0,-1,-1,0,0,-1,0,1
886.0,0,0,0,0,0,-1,-1,0,0,-1,0,1
887.0,0,0,0,0,0,-1,-1,0,0,-1,0,1
888.0,0,0,0,0,0,-1,-1,0,0,-1,0,1
889.0,0,0,0,0,0,-1,-1,0,0,0,0,1
890.0,0,0,0,0,0,-1,0,0,0,0,0,1
891.0,0,0,0,0,0,-1,0,0,0,0,0,1
892.0,0,0,0,0,0,-1,0,0,0,0,0,1
893.0,0,0,0,0,0,-1,0,0,0,0,1,1
894.0,0,0,0,0,0,-1,0,0,0,0,1,1
895.0,0,0,0,0,0,-1,0,0,0,0,1,1
896.0,0,0,0,0,0,-1,0,0,0,0,1,1
897.0,0,0,0,0,0,-1,0,0,0,0,1,1
898.0,0,0,0,0,0,-1,0,0,0,0,1,1
899.0,0,0,0,0,0,-1,0,0,0,0,1,1
900.0,0,0,0,0,0,-1,0,0,0,0,1,1
901.0,0,0,0,0,0,-1,0,0,0,0,1,1
902.0,0,0,0,0,0,-1,0,0,0,0,1,1
903.0,0,0,0,0,0,-1,0,0,0,0,1,1
904.0,0,0,0,0,0,-1,0,0,0,0,1,1
905.0,0,0,0,0,0,-1,0,0,0,0,1,1
906.0,0,0,0,0,0,-1,-1,0,0,0,1,1
907.0,0,0,0,0,0,-1,-1,0,0,0,1,1
908.0,0,0,0,0,0,-1,-1,0,0,0,1,1
909.0,0,0,0,0,0,-1,-1,0,0,0,1,1
910.0,0,0,0,0,0,-1,-1,0,0,0,1,1
911.0,0,0,0,0,0,-1,-1,0,0,0,1,1
912.0,0,0,0,0,0,-1,-1,0,0,0,1,1
913.0,0,0,0,0,0,-1,-1,0,0,0,1,1
914.0,0,0,0,0,0,-1,-1,0,0,0,1,1
915.0,0,0,0,0,0,-1,-1,0,0,0,1,1
916.0,0,1,0,0,0,-1,-1,0,0,0,1,1
917.0,0,1,0,0,0,-1,-1,0,0,0,1,1
918.0,0,1,0,0,0,-1,-1,0,0,0,1,1
919.0,0,1,0,0,0,-1,-1,0,0,0,1,1
920.0,0,1,0,0,0,-1,-1,0,0,0,1,1
921.0,0,1,0,0,0,-1,-1,0,0,0,1,1
922.0,0,1,0,0,0,-1,-1,0,0,0,1,1
923.0,0,1,0,0,0,-1,-1,0,0,0,1,1
924.0,0,1,0,0,0,-1,-1,0,0,0,1,1
925.0,1,1,0,0,0,-1,-1,0,0,0,1,1
926.0,1,1,0,0,0,-1,-1,0,0,0,1,1
927.0,1,1,0,0,0,-1,-1,0,0,0,1,1
928.0,1,1,0,0,0,-1,-1,0,0,0,1,1
929.0,1,0,0,0,0,-1,-1,0,0,0,1,1
930.0,1,0,0,0,0,-1,-1,0,0,0,1,1
931.0,1,0,0,0,0,-1,-1,0,0,0,1,1
932.0,1,0,0,0,0,-1,-1,0,0,0,1,1
933.0,1,0,0,0,0,-1,-1,0,-1,0,1,1
934.0,1,0,0,0,0,-1,-1,0,-1,0,1,1
935.0,1,0,0,0,0,-1,-1,0,-1,0,1,1
936.0,1,0,0,0,0,-1,-1,0,-1,0,1,1
937.0,1,0,0,0,0,-1,-1,0,-1,0,1,1
938.0,1,0,0,0,0,-1,-1,0,-1,0,1,1
939.0,1,0,0,0,0,-1,-1,0,-1,0,1,1
940.0,1,0,0,0,0,-1,-1,0,-1,0,1,1
941.0,1,0,0,0,0,-1,-1,0,-1,0,1,1
942.0,1,0,0,0,0,-1,-1,0,-1,0,1,1
943.0,1,0,0,0,0,-1,-1,0,-1,0,1,1
944.0,1,0,0,0,0,-1,-1,0,-1,0,1,1
945.0,1,0,0,0,0,-1,-1,0,-1,0,1,1
946.0,0,0,0,0,0,-1,-1,0,-1,0,1,1
947.0,0,0,0,0,0,-1,-1,0,-1,0,0,1
948.0,0,0,0,0,0,-1,-1,0,-1,0,0,1
949.0,0,0,0,0,0,-1,-1,0,-1,0,0,1
950.0,0,0,0,0,0,-1,-1,0,-1,0,0,1
951.0,0,0,0,0,0,-1,-1,0,-1,0,0,1
952.0,0,0,0,0,0,-1,-1,0,-1,0,0,1
953.0,0,0,0,0,0,-1,-1,0,-1,0,0,1
954.0,0,0,0,0,0,-1,-1,0,-1,-1,0,1
955.0,0,0,0,0,0,-1,-1,0,-1,-1,0,1
956.0,0,0,0,0,0,-1,-1,0,-1,-1,0,1
957.0,0,0,0,0,0,-1,-1,0,-1,-1,0,1
958.0,0,0,0,0,0,-1,-1,0,-1,-1,0,1
959.0,0,0,0,0,0,-1,-1,0,-1,-1,0,1
960.0,0,0,0,0,0,-1,-1,0,-1,-1,0,1
961.0,0,0,0,0,0,-1,-1,0,-1,-1,0,1
962.0,0,0,0,0,0,-1,-1,0,-1,-1,0,1
963.0,0,0,0,0,0,-1,-1,0,-1,-1,0,1
964.0,0,0,0,0,0,-1,-1,0,-1,-1,0,1
965.0,0,0,0,0,0,-1,-1,0,-1,-1,0,0
966.0,0,0,0,0,0,-1,-1,0,-1,-1,0,0
967.0,0,0,0,0,0,-1,-1,0,-1,-1,0,0
968.0,0,0,0,0,0,-1,-1,0,-1,-1,0,0
969.0,0,0,0,0,0,-1,-1,0,-1,-1,0,0
970.0,0,0,0,0,0,-1,-1,0,-1,-1,0,0
971.0,0,0,0,0,0,-1,-1,0,-1,-1,0,0
972.0,0,0,0,0,0,-1,0,0,-1,-1,0,0
973.0,0,0,0,0,0,-1,0,0,-1,-1,0,0
974.0,0,0,0,0,0,-1,0,0,-1,-1,0,0
975.0,0,0,0,0,0,-1,0,0,-1,-1,0,0
976.0,0,0,0,0,0,-1,0,0,-1,-1,0,0
977.0,0,0,0,0,0,-1,0,0,-1,-1,0,0
978.0,0,0,0,0,0,-1,0,0,-1,-1,0,0
979.0,0,0,0,0,0,-1,0,0,-1,-1,0,0
980.0,0,0,0,0,0,-1,0,0,-1,-1,0,0
981.0,0,0,0,0,0,-1,0,0,-1,-1,0,0
982.0,0,0,0,0,0,-1,0,0,-1,-1,0,0
983.0,0,0,0,0,0,-1,0,0,-1,-1,0,0
984.0,0,0,0,0,0,-1,0,0,-1,-1,0,0
985.0,0,0,0,0,0,-1,0,0,-1,-1,0,0
986.0,0,0,0,0,0,-1,0,0,-1,-1,0,0
987.0,0,0,0,0,0,-1,0,0,-1,-1,0,0
988.0,0,0,0,0,0,-1,0,0,-1,-1,0,0
989.0,0,0,0,0,0,-1,0,0,-1,-1,0,0
990.0,0,0,0,0,0,-1,0,0,-1,-1,0,0
991.0,0,0,0,0,0,-1,0,0,-1,-1,0,0
992.0,0,0,0,0,0,-1,0,0,-1,-1,0,0
993.0,0,0,0,0,0,-1,0,0,-1,-1,0,0
994.0,0,0,0,0,0,-1,0,0,-1,-1,0,0
995.0,0,0,0,0,0,-1,0,0,-1,-1,0,0
996.0,0,0,0,0,0,-1,0,0,-1,-1,0,0
997.0,0,0,0,0,0,-1,0,0,-1,-1,0,0
998.0,0,0,0,0,0,-1,0,0,-1,-1,0,0
999.0,0,0,0,0,0,-1,0,0,-1,-1,0,0
1000.0,0,0,0,0,0,-1,0,0,-1,-1,0,0
1001.0,0,0,0,0,0,-1,0,0,-1,-1,0,0
1002.0,0,0,0,0,0,-1,0,0,-1,-1,0,0
1003.0,0,0,0,0,0,-1,0,0,-1,-1,0,0
1004.0,0,0,0,0,0,-1,0,0,-1,-1,0,0
1005.0,0,0,0,0,0,-1,0,0,-1,-1,0,0
1006.0,0,0,0,0,0,-1,0,0,-1,-1,0,0
1007.0,0,0,0,0,0,-1,0,0,-1,-1,0,0
1008.0,0,0,0,0,0,-1,0,0,-1,-1,0,0
1009.0,0,0,0,0,0,-1,0,0,0,-1,0,0
1010.0,0,0,0,0,0,-1,0,0,0,-1,0,0
1011.0,0,0,0,0,0,-1,0,0,0,-1,0,0
1012.0,0,0,0,0,0,-1,0,0,0,-1,0,0
1013.0,0,0,0,0,0,-1,0,0,0,-1,0,0
1014.0,0,0,0,0,0,-1,0,0,0,-1,0,0
1015.0,0,0,0,0,0,-1,0,0,0,-1,0,0
1016.0,0,0,0,0,0,-1,0,0,0,-1,0,0
1017.0,0,0,0,0,0,-1,0,0,0,-1,0,0
1018.0,0,0,0,0,0,-1,0,0,0,-1,0,0
1019.0,0,0,0,0,0,-1,0,0,0,-1,0,0
1020.0,0,0,0,0,0,-1,0,0,0,-1,0,0
1021.0,0,0,0,0,0,-1,0,0,0,-1,0,0
1022.0,0,0,0,0,0,-1,0,0,0,-1,0,0
1023.0,0,0,0,0,0,-1,0,0,0,-1,0,0
1024.0,0,0,0,0,0,-1,0,0,0,-1,0,0
1025.0,0,0,0,0,0,-1,0,0,0,-1,0,0
1026.0,0,0,0,0,0,-1,0,0,0,-1,0,0
1027.0,0,0,0,0,0,-1,0,0,0,-1,0,0
1028.0,0,0,0,0,0,-1,0,0,0,-1,0,0
1029.0,0,0,0,0,0,-1,0,0,0,-1,0,0
1030.0,0,0,0,0,0,-1,0,0,0,-1,0,0
1031.0,0,0,0,0,0,-1,0,0,0,-1,0,0
1032.0,0,0,0,0,0,-1,0,0,0,-1,0,0
1033.0,0,0,0,0,0,-1,0,0,0,-1,0,0
1034.0,0,0,0,0,0,-1,0,0,0,-1,0,0
1035.0,0,0,0,0,0,-1,0,0,0,-1,0,0
1036.0,0,0,0,0,0,-1,0,0,0,-1,0,0
1037.0,0,0,0,0,0,-1,0,0,0,-1,0,0
1038.0,0,0,0,0,0,-1,0,0,0,-1,0,0
1039.0,0,0,0,0,0,-1,0,0,0,-1,0,0
1040.0,0,0,0,0,0,-1,0,0,0,-1,0,0
1041.0,0,0,0,0,0,-1,0,0,0,-1,0,0
1042.0,0,0,0,0,0,-1,0,0,0,-1,0,0
1043.0,0,0,0,0,0,-1,0,0,0,0,0,0
1044.0,0,0,0,0,0,-1,0,0,0,0,0,0
1045.0,0,0,0,0,0,-1,0,0,0,0,0,0
1046.0,0,0,0,0,0,-1,0,0,0,0,0,0
1047.0,0,0,0,0,0,-1,0,0,0,0,0,0
1048.0,0,0,0,0,0,-1,0,0,0,0,0,0
1049.0,0,0,0,0,0,-1,0,0,0,0,0,0
1050.0,0,0,0,0,0,-1,0,0,0,0,0,0
1051.0,0,0,0,0,0,-1,0,0,0,0,0,0
1052.0,0,0,0,0,0,-1,0,0,0,0,0,0
1053.0,0,0,0,0,0,-1,0,0,0,0,0,0
1054.0,0,0,0,0,0,-1,0,0,0,0,0,0
1055.0,0,0,0,0,0,-1,0,0,0,0,0,0
1056.0,0,0,0,0,0,-1,0,0,0,0,0,0
1057.0,0,0,0,0,0,-1,0,0,0,0,0,0
1058.0,0,0,0,0,0,-1,0,0,0,0,0,0
1059.0,0,0,0,0,0,-1,0,0,0,0,0,0
1060.0,0,0,0,0,0,-1,0,0,0,0,0,0
1061.0,0,0,0,0,0,-1,0,0,0,0,0,0
1062.0,0,0,0,0,0,-1,0,0,0,0,0,0
1063.0,0,0,0,0,0,-1,0,0,0,0,0,0
1064.0,0,0,0,0,0,-1,0,0,0,0,0,0
1065.0,0,0,0,0,0,-1,0,0,0,0,0,0
1066.0,0,0,0,0,0,-1,0,0,0,0,0,0
1067.0,0,0,0,0,0,-1,0,0,0,0,0,0
1068.0,0,0,0,0,0,-1,0,0,0,0,0,0
1069.0,0,0,0,0,0,-1,0,0,0,0,0,0
1070.0,0,0,0,0,0,-1,0,0,1,0,0,0
1071.0,0,0,0,0,0,-1,0,0,1,0,0,0
1072.0,0,0,0,0,0,-1,0,0,1,0,0,0
1073.0,0,0,0,0,0,-1,0,0,1,0,0,0
1074.0,0,0,0,0,0,-1,0,0,1,0,0,0
1075.0,0,0,0,0,0,-1,0,0,1,0,0,0
1076.0,0,0,0,0,0,-1,0,0,1,0,0,0
1077.0,0,0,0,0,0,-1,0,0,1,0,0,0
1078.0,0,0,0,0,0,-1,0,0,0,0,0,0
1079.0,0,0,0,0,0,-1,0,0,0,0,0,0
1080.0,0,0,0,0,0,-1,0,0,0,0,0,0
1081.0,0,0,0,0,0,-1,0,0,0,0,0,0
1082.0,0,0,0,0,0,-1,0,0,0,0,0,0
1083.0,0,0,0,0,0,-1,0,0,0,0,0,0
1084.0,0,0,0,0,0,-1,0,0,0,0,0,0
1085.0,0,0,0,0,0,-1,-1,0,0,0,0,0
1086.0,0,0,0,0,0,-1,-1,0,0,0,0,0
1087.0,0,0,0,0,0,-1,-1,0,0,0,0,0
1088.0,0,0,0,0,0,-1,-1,0,0,0,0,0
1089.0,0,0,0,0,0,-1,-1,0,0,0,0,0
1090.0,0,0,0,0,0,-1,-1,0,0,0,0,0
1091.0,0,0,0,0,0,-1,-1,0,0,0,0,0
1092.0,0,0,0,0,0,-1,-1,0,0,0,0,0
1093.0,0,0,0,0,0,-1,-1,0,0,0,0,0
1094.0,0,1,0,0,0,-1,-1,0,0,0,0,0
1095.0,0,1,0,0,0,-1,-1,0,0,0,0,0
1096.0,0,1,0,0,0,-1,-1,0,0,0,0,0
1097.0,0,1,0,0,0,-1,0,0,0,0,0,0
1098.0,0,1,0,0,0,-1,0,0,1,0,0,0
1099.0,0,1,0,0,0,-1,0,0,1,0,0,0
1100.0,0,1,0,0,0,-1,0,0,1,0,0,0
1101.0,0,1,0,0,0,-1,-1,0,1,0,0,0
1102.0,0,1,0,0,0,-1,-1,0,1,0,0,0
1103.0,0,1,0,0,0,-1,-1,0,1,0,0,0
1104.0,0,1,0,0,0,-1,-1,0,1,0,0,0
1105.0,0,1,0,0,0,-1,-1,0,1,0,0,0
1106.0,0,1,0,0,0,-1,-1,0,1,0,0,0
1107.0,0,1,0,0,0,-1,-1,0,1,0,0,0
1108.0,0,1,0,0,0,-1,-1,0,1,0,0,0
1109.0,0,1,0,0,0,-1,-1,0,1,0,0,0
1110.0,0,1,0,0,0,-1,-1,0,1,0,0,0
1111.0,0,1,0,0,0,-1,-1,0,1,0,0,0
1112.0,0,1,0,0,0,-1,0,0,1,0,0,0
1113.0,0,1,0,0,0,-1,0,0,1,0,0,0
1114.0,0,1,0,0,0,-1,0,0,1,0,0,1
1115.0,0,1,0,0,0,-1,0,0,1,0,0,1
1116.0,0,1,0,0,0,-1,0,0,1,0,0,1
1117.0,1,1,0,0,0,-1,-1,0,1,0,0,1
1118.0,1,1,0,0,0,-1,-1,0,1,0,0,1
1119.0,1,1,0,0,0,-1,-1,0,1,0,0,1
1120.0,1,1,0,0,0,-1,-1,0,1,0,1,1
1121.0,1,1,0,-1,0,-1,-1,0,0,0,1,1
1122.0,1,1,0,-1,0,-1,-1,0,0,0,1,1
1123.0,1,1,0,-1,0,-1,-1,0,0,0,1,2
1124.0,1,1,0,-1,0,-1,-1,0,0,0,1,2
1125.0,1,1,0,-1,0,-1,-2,0,0,0,1,2
1126.0,1,1,0,-1,0,-1,-2,0,0,0,1,2
1127.0,1,1,0,-1,0,-1,-2,0,0,0,1,2
1128.0,2,1,0,-1,0,-1,-2,0,-1,0,1,3
1129.0,2,1,0,-1,0,-1,-2,0,-1,0,2,3
1130.0,2,2,0,-1,0,-1,-3,0,-1,0,2,3
1131.0,3,2,0,-1,1,-1,-3,0,-1,0,2,4
1132.0,3,2,0,-1,1,-1,-3,0,-2,0,2,4
1133.0,3,2,0,-1,1,-1,-3,0,-2,0,2,4
1134.0,4,2,0,-2,1,-1,-4,0,-2,0,2,4
1135.0,4,2,0,-2,1,-1,-4,0,-3,0,3,5
1136.0,4,3,0,-2,1,-1,-4,0,-3,0,3,5
1137.0,5,3,0,-2,1,-1,-5,0,-3,0,3,6
1138.0,5,3,0,-2,2,-1,-5,0,-4,0,3,6
1139.0,5,3,-1,-3,2,-1,-5,0,-4,0,4,7
1140.0,6,3,-1,-3,2,-1,-6,-1,-4,0,4,7
1141.0,6,3,-1,-3,2,-1,-6,-1,-4,0,4,8
1142.0,7,4,-1,-3,2,-1,-6,-1,-5,0,4,8
1143.0,7,4,-1,-3,3,-1,-7,-1,-5,0,5,9
1144.0,8,4,-2,-3,3,-1,-7,-1,-5,0,5,9
1145.0,8,4,-2,-4,3,-1,-7,-1,-5,0,5,10
1146.0,8,4,-2,-4,4,-1,-7,-1,-5,1,6,10
1147.0,9,4,-2,-4,4,-1,-7,-1,-5,1,6,10
1148.0,9,4,-2,-4,4,-1,-8,-1,-5,1,6,10
1149.0,9,4,-3,-4,4,-1,-8,-1,-5,1,7,11
1150.0,10,4,-3,-5,5,-1,-8,-1,-5,1,7,11
1151.0,10,4,-3,-5,5,-1,-8,-1,-5,1,7,12
1152.0,11,4,-3,-5,5,-1,-8,-1,-5,1,8,13
1153.0,11,4,-4,-5,6,-1,-9,-1,-5,1,8,13
1154.0,12,4,-4,-6,6,-1,-9,-1,-5,2,9,14
1155.0,12,5,-4,-6,6,-1,-9,-1,-5,2,9,14
1156.0,12,5,-4,-6,6,-1,-10,-1,-5,2,10,15
1157.0,13,5,-4,-6,7,-1,-10,-1,-6,2,10,15
1158.0,13,6,-5,-7,7,-1,-10,-1,-6,3,11,15
1159.0,13,6,-5,-7,7,-1,-11,-1,-6,3,11,16
1160.0,13,7,-5,-7,7,-1,-11,-1,-6,3,11,17
1161.0,14,8,-5,-8,7,-1,-11,-2,-6,4,12,17
1162.0,14,8,-5,-8,8,-1,-12,-2,-6,4,12,18
1163.0,14,9,-5,-8,8,-1,-12,-2,-6,4,13,19
1164.0,15,9,-5,-8,8,-1,-13,-2,-6,4,14,19
1165.0,15,10,-4,-9,8,-1,-14,-3,-5,5,14,20
1166.0,15,11,-4,-9,8,0,-14,-3,-4,6,15,20
1167.0,16,12,-4,-10,8,0,-15,-3,-4,6,16,21
1168.0,16,13,-4,-10,8,1,-15,-3,-3,7,16,21
1169.0,16,13,-4,-11,8,1,-15,-3,-3,8,17,22
1170.0,17,14,-3,-11,8,1,-15,-4,-2,9,19,23
1171.0,17,15,-3,-12,8,2,-16,-4,-2,9,19,24
1172.0,18,16,-3,-12,8,2,-16,-4,-1,10,20,26
1173.0,18,16,-3,-12,9,2,-16,-4,-1,11,20,27
1174.0,19,17,-3,-13,9,3,-17,-4,-1,11,21,27
1175.0,19,17,-3,-14,9,3,-17,-4,0,12,22,28
1176.0,20,18,-3,-14,9,3,-17,-4,0,12,24,28
1177.0,20,18,-3,-14,9,3,-17,-3,0,13,25,30
1178.0,21,18,-3,-14,9,4,-17,-3,0,13,26,31
1179.0,21,17,-3,-15,10,4,-16,-3,0,14,27,31
1180.0,21,17,-3,-15,10,4,-16,-2,1,14,27,32
1181.0,22,15,-4,-15,11,3,-15,-2,1,14,28,33
1182.0,22,14,-4,-15,11,3,-15,-1,1,14,28,33
1183.0,22,13,-4,-15,11,3,-14,-1,1,14,29,34
1184.0,22,13,-5,-15,12,2,-13,0,1,14,29,34
1185.0,22,11,-6,-15,12,2,-13,0,1,14,30,34
1186.0,23,10,-6,-15,13,1,-13,0,0,14,31,35
1187.0,23,8,-8,-15,13,1,-12,1,0,13,31,35
1188.0,23,6,-9,-15,14,0,-11,1,-1,13,32,36
1189.0,23,5,-10,-15,14,-1,-10,2,-1,12,32,36
1190.0,23,4,-11,-15,15,-1,-9,2,-2,12,33,36
1191.0,24,2,-12,-14,16,-2,-8,3,-2,12,33,37
1192.0,24,0,-12,-14,16,-4,-7,3,-3,11,33,37
1193.0,24,-1,-14,-14,17,-4,-7,4,-3,10,34,38
1194.0,24,-2,-14,-13,17,-5,-6,4,-4,10,34,38
1195.0,24,-4,-15,-13,18,-6,-5,5,-5,9,34,38
1196.0,24,-5,-17,-13,19,-7,-4,5,-5,8,34,39
1197.0,24,-6,-18,-12,20,-8,-4,5,-6,7,35,39
1198.0,24,-8,-20,-11,21,-9,-3,6,-6,7,35,40
1199.0,24,-10,-22,-11,21,-10,-2,6,-7,6,35,40
1200.0,24,-12,-22,-10,22,-12,-2,6,-8,5,35,40
1201.0,24,-12,-24,-10,23,-14,-1,6,-8,4,35,40
1202.0,23,-13,-25,-9,23,-15,0,6,-9,3,35,40
1203.0,23,-15,-26,-9,24,-16,0,6,-10,2,35,40
1204.0,23,-17,-27,-8,25,-17,0,6,-11,1,34,40
1205.0,23,-18,-28,-8,25,-18,0,6,-11,0,34,39
1206.0,22,-19,-29,-7,25,-19,1,6,-12,0,34,39
1207.0,22,-20,-30,-7,26,-20,2,6,-13,-1,33,38
1208.0,22,-21,-31,-6,26,-21,2,6,-14,-2,33,38
1209.0,21,-21,-31,-5,27,-21,3,6,-14,-2,32,38
1210.0,21,-23,-33,-4,27,-23,3,6,-15,-4,32,37
1211.0,21,-25,-34,-4,28,-25,4,6,-16,-6,31,36
1212.0,20,-26,-35,-3,28,-26,4,6,-16,-7,30,35
1213.0,20,-27,-36,-3,28,-27,4,6,-16,-8,30,34
1214.0,19,-27,-37,-2,29,-28,5,5,-17,-8,29,33
1215.0,19,-28,-38,-2,29,-28,5,5,-18,-9,29,32
1216.0,18,-29,-39,-1,29,-29,6,5,-18,-10,27,31
1217.0,18,-30,-39,0,29,-30,6,5,-18,-11,27,29
1218.0,18,-30,-40,0,30,-30,6,5,-18,-12,25,29
1219.0,17,-31,-40,0,30,-31,7,5,-18,-13,24,28
1220.0,17,-32,-41,1,30,-32,7,5,-18,-14,23,27
1221.0,17,-33,-42,1,30,-33,7,5,-18,-15,22,26
1222.0,16,-33,-42,2,30,-34,8,5,-18,-15,21,26
1223.0,16,-33,-43,2,30,-35,8,5,-18,-16,21,25
1224.0,15,-33,-43,3,30,-35,8,5,-18,-16,20,24
1225.0,15,-33,-43,3,30,-35,8,5,-18,-17,19,24
1226.0,15,-33,-44,4,30,-35,8,5,-17,-17,18,22
1227.0,14,-33,-44,4,30,-36,7,5,-17,-18,17,20
1228.0,14,-33,-44,5,30,-36,7,5,-17,-18,17,20
1229.0,14,-33,-44,5,30,-36,7,5,-16,-18,16,19
1230.0,13,-32,-44,5,30,-37,7,5,-15,-18,15,18
1231.0,13,-32,-44,6,30,-37,7,5,-14,-18,14,16
1232.0,13,-31,-44,6,30,-37,6,4,-13,-18,13,16
1233.0,12,-30,-43,6,29,-37,6,4,-12,-18,13,15
1234.0,12,-30,-43,6,29,-36,6,4,-12,-18,12,15
1235.0,12,-29,-43,6,28,-36,5,4,-11,-18,11,14
1236.0,12,-28,-42,6,28,-36,5,4,-10,-18,11,13
1237.0,12,-27,-42,6,28,-36,5,4,-9,-18,10,12
1238.0,11,-27,-41,6,28,-35,4,4,-8,-17,9,12
1239.0,11,-26,-41,6,27,-35,4,4,-7,-17,9,11
1240.0,11,-25,-40,6,27,-34,4,4,-7,-17,8,10
1241.0,11,-25,-40,6,26,-34,3,4,-7,-16,8,10
1242.0,10,-23,-39,6,25,-33,3,4,-6,-16,7,9
1243.0,10,-21,-37,6,25,-32,2,3,-5,-15,6,8
1244.0,10,-21,-37,6,24,-32,2,3,-4,-15,6,8
1245.0,9,-20,-36,6,24,-31,2,3,-4,-15,6,7
1246.0,9,-19,-36,6,24,-30,2,3,-3,-14,5,6
1247.0,8,-19,-35,6,23,-30,2,3,-3,-14,5,6
1248.0,8,-18,-35,5,22,-29,2,3,-2,-13,4,5
1249.0,8,-16,-33,5,22,-29,1,3,-2,-13,4,4
1250.0,7,-15,-31,5,20,-28,1,3,-1,-12,3,4
1251.0,6,-14,-30,5,20,-27,1,3,-1,-12,2,3
1252.0,6,-14,-29,5,20,-26,1,3,-1,-11,2,2
1253.0,5,-13,-28,5,19,-25,1,3,0,-11,2,2
1254.0,4,-12,-27,5,18,-23,1,3,0,-10,1,1
1255.0,4,-11,-26,5,17,-23,1,2,0,-10,1,0
1256.0,3,-10,-25,4,16,-22,1,2,1,-9,0,0
1257.0,3,-10,-24,4,16,-21,1,2,1,-9,0,0
1258.0,2,-9,-23,4,14,-20,2,2,1,-9,0,-1
1259.0,1,-8,-21,4,13,-20,2,2,1,-8,-1,-2
1260.0,1,-8,-20,4,12,-19,2,2,1,-8,-1,-2
1261.0,0,-7,-18,4,12,-18,2,2,1,-8,-1,-3
1262.0,0,-6,-17,4,11,-16,2,2,1,-7,-2,-4
1263.0,-1,-6,-16,4,10,-16,2,2,1,-7,-2,-4
1264.0,-2,-5,-15,4,9,-15,2,2,2,-7,-3,-5
1265.0,-2,-5,-14,4,8,-14,2,2,2,-7,-3,-6
1266.0,-3,-5,-13,4,7,-12,2,2,2,-6,-4,-7
1267.0,-3,-4,-12,4,7,-12,3,2,3,-6,-4,-7
1268.0,-4,-4,-11,4,6,-11,3,2,3,-6,-4,-8
1269.0,-4,-3,-10,4,5,-10,3,2,3,-5,-5,-8
1270.0,-5,-3,-9,4,5,-9,3,2,3,-5,-5,-8
1271.0,-5,-3,-8,4,3,-9,3,2,3,-5,-6,-9
1272.0,-5,-3,-7,4,2,-8,3,2,4,-5,-6,-9
1273.0,-6,-2,-6,4,2,-8,3,2,4,-4,-6,-10
1274.0,-6,-2,-4,4,1,-7,3,2,4,-4,-7,-10
1275.0,-6,-2,-4,4,1,-6,3,2,4,-4,-7,-10
1276.0,-7,-1,-3,4,0,-5,3,2,4,-4,-7,-11
1277.0,-7,-1,-2,4,0,-5,3,2,4,-4,-8,-11
1278.0,-7,-1,-1,4,0,-4,4,2,4,-3,-8,-11
1279.0,-7,-1,-1,4,-1,-4,4,2,4,-3,-8,-11
1280.0,-8,-1,0,4,-1,-3,4,1,4,-3,-8,-12
1281.0,-8,0,0,4,-2,-2,4,1,4,-3,-9,-12
1282.0,-8,0,0,4,-2,-2,4,1,4,-3,-9,-12
1283.0,-8,0,1,4,-3,-2,4,1,4,-3,-9,-12
1284.0,-8,0,2,4,-3,-1,4,1,4,-3,-9,-12
1285.0,-8,0,2,4,-4,-1,4,1,4,-2,-10,-13
1286.0,-8,0,2,4,-4,-1,4,1,4,-2,-10,-13
1287.0,-8,0,3,4,-4,-1,4,1,4,-2,-10,-13
1288.0,-8,0,3,4,-4,-1,4,1,4,-2,-10,-13
1289.0,-8,0,4,4,-5,-1,4,1,5,-2,-10,-13
1290.0,-8,0,4,4,-5,0,4,2,5,-2,-11,-13
1291.0,-8,0,4,4,-5,0,4,2,5,-2,-11,-13
1292.0,-8,0,5,4,-6,0,4,2,5,-2,-11,-13
1293.0,-8,0,5,4,-6,1,4,2,5,-2,-11,-13
1294.0,-9,0,5,4,-6,1,4,2,5,-2,-11,-13
1295.0,-9,0,6,4,-6,1,4,2,5,-1,-11,-14
1296.0,-9,0,6,4,-7,1,4,2,5,-1,-11,-14
1297.0,-9,0,6,4,-7,2,4,2,5,-1,-11,-14
1298.0,-9,0,7,4,-7,2,4,2,5,-1,-11,-14
1299.0,-9,0,7,4,-7,2,4,2,5,-1,-11,-14
1300.0,-9,0,7,4,-8,2,4,2,5,-1,-11,-14
1301.0,-9,0,8,4,-8,2,4,2,5,-1,-12,-14
1302.0,-9,0,8,4,-8,2,4,2,5,-1,-12,-14
1303.0,-9,0,8,4,-8,3,4,2,5,-1,-12,-14
1304.0,-9,0,8,4,-8,3,4,2,5,-1,-12,-14
1305.0,-10,0,8,4,-8,3,4,2,5,-1,-12,-14
1306.0,-10,0,8,4,-8,3,4,2,5,-1,-12,-14
1307.0,-10,0,9,4,-9,3,4,2,6,-1,-12,-14
1308.0,-10,0,9,4,-9,3,4,2,6,-1,-12,-14
1309.0,-10,0,9,4,-9,3,4,2,6,0,-12,-14
1310.0,-10,0,9,4,-9,3,4,2,6,0,-12,-14
1311.0,-10,0,9,4,-9,4,4,2,6,0,-12,-14
1312.0,-10,0,9,4,-9,4,4,2,6,0,-12,-14
1313.0,-10,0,9,4,-9,4,4,2,6,0,-12,-14
1314.0,-10,0,10,4,-9,4,4,2,6,0,-12,-14
1315.0,-10,0,10,4,-9,4,4,2,6,0,-12,-14
1316.0,-10,1,10,4,-9,4,4,2,6,0,-12,-14
1317.0,-10,1,10,4,-9,4,4,2,6,0,-12,-14
1318.0,-10,1,10,4,-10,4,4,2,6,0,-12,-14
1319.0,-10,1,10,4,-10,4,4,2,6,0,-12,-14
1320.0,-10,1,10,4,-10,4,4,2,6,0,-12,-14
1321.0,-10,1,10,4,-10,4,4,2,6,0,-12,-14
1322.0,-10,1,10,4,-10,4,4,2,6,0,-12,-14
1323.0,-10,1,10,4,-10,4,4,2,6,0,-12,-14
1324.0,-10,1,10,4,-10,4,4,2,6,0,-12,-14
1325.0,-10,1,10,4,-10,4,4,2,6,0,-12,-14
1326.0,-10,1,10,4,-10,5,4,2,6,0,-12,-14
1327.0,-10,1,10,4,-10,5,4,2,6,0,-12,-14
1328.0,-9,1,11,4,-10,5,4,2,6,0,-12,-14
1329.0,-9,1,11,4,-10,5,4,2,6,0,-12,-14
1330.0,-9,1,11,4,-10,5,4,2,6,0,-12,-14
1331.0,-9,1,11,4,-10,5,3,2,6,0,-12,-14
1332.0,-9,1,11,4,-10,5,3,2,6,0,-12,-14
1333.0,-9,1,11,4,-10,5,3,2,6,0,-12,-14
1334.0,-9,2,11,4,-10,5,3,2,6,0,-12,-14
1335.0,-9,2,11,3,-10,5,3,2,6,0,-12,-14
1336.0,-8,2,11,3,-10,5,3,2,6,0,-12,-14
1337.0,-8,2,11,3,-10,5,3,2,6,0,-12,-14
1338.0,-8,2,11,3,-10,5,3,2,6,0,-12,-14
1339.0,-8,2,11,3,-10,5,3,2,6,0,-12,-14
1340.0,-8,2,11,3,-10,5,3,2,6,0,-12,-14
1341.0,-8,2,11,3,-10,5,3,2,6,0,-12,-14
1342.0,-8,2,11,3,-10,5,3,2,6,0,-12,-14
1343.0,-9,2,11,3,-10,5,3,2,6,0,-12,-14
1344.0,-9,2,11,3,-10,5,3,3,6,0,-12,-14
1345.0,-9,2,11,3,-10,5,3,3,6,0,-12,-14
1346.0,-9,1,11,3,-10,5,3,3,6,0,-12,-14
1347.0,-9,1,11,3,-10,5,3,3,6,0,-12,-14
1348.0,-9,1,11,3,-10,5,3,3,6,0,-12,-14
1349.0,-9,1,11,3,-10,5,3,3,6,0,-12,-14
1350.0,-9,1,11,3,-10,5,3,3,6,0,-12,-14
1351.0,-9,1,11,3,-10,5,3,3,6,0,-12,-14
1352.0,-9,1,11,3,-10,5,3,3,6,0,-12,-14
1353.0,-9,1,11,3,-10,5,3,3,6,0,-12,-14
1354.0,-9,1,11,3,-10,5,3,3,6,0,-12,-14
1355.0,-9,1,11,3,-10,5,4,3,6,0,-12,-14
1356.0,-9,1,11,3,-10,5,4,3,6,0,-12,-14
1357.0,-9,1,11,3,-10,5,4,3,6,0,-12,-14
1358.0,-9,1,11,3,-10,5,4,3,6,0,-12,-14
1359.0,-9,1,11,3,-10,5,4,3,6,0,-12,-14
1360.0,-9,1,11,3,-10,5,3,3,6,0,-12,-14
1361.0,-9,1,11,3,-10,5,3,3,6,0,-12,-14
1362.0,-9,1,11,3,-10,5,3,3,5,0,-12,-14
1363.0,-9,1,11,3,-10,5,3,3,5,0,-12,-14
1364.0,-9,1,11,3,-10,5,3,3,5,0,-12,-14
1365.0,-9,1,11,3,-10,5,3,3,5,0,-12,-14
1366.0,-9,1,11,3,-10,5,3,3,5,0,-12,-14
1367.0,-9,1,11,3,-10,5,3,3,5,0,-12,-14
1368.0,-9,1,11,3,-10,5,3,3,5,0,-12,-14
1369.0,-9,1,11,3,-10,5,3,3,5,0,-12,-14
1370.0,-9,1,10,3,-10,5,3,3,5,0,-12,-14
1371.0,-9,1,10,3,-10,5,3,3,5,0,-12,-14
1372.0,-9,1,10,3,-10,5,3,3,5,0,-12,-14
1373.0,-9,1,10,3,-10,5,3,3,5,0,-12,-14
1374.0,-9,1,10,3,-10,5,3,3,5,0,-12,-14
1375.0,-9,1,10,3,-10,5,3,3,5,0,-12,-14
1376.0,-9,1,10,3,-10,5,3,3,5,0,-12,-14
1377.0,-9,1,10,3,-10,5,3,3,5,0,-12,-14
1378.0,-9,1,10,3,-10,5,3,3,5,0,-12,-14
1379.0,-9,1,10,3,-10,5,3,3,5,0,-12,-14
1380.0,-9,1,10,3,-10,5,3,3,5,0,-12,-14
1381.0,-9,1,10,3,-10,5,3,3,5,0,-12,-14
1382.0,-9,1,10,3,-9,5,3,3,5,0,-12,-14
1383.0,-9,0,10,3,-9,5,3,3,5,0,-12,-14
1384.0,-9,0,10,3,-9,4,3,3,5,0,-12,-14
1385.0,-9,0,10,3,-9,4,3,3,5,0,-12,-14
1386.0,-9,0,10,4,-9,4,3,3,5,0,-13,-14
1387.0,-9,0,10,4,-9,4,3,3,5,0,-13,-14
1388.0,-9,0,10,4,-9,4,4,3,5,0,-13,-14
1389.0,-9,0,10,4,-9,4,4,3,5,0,-13,-14
1390.0,-9,0,10,4,-9,4,4,3,5,0,-13,-14
1391.0,-9,0,10,4,-9,4,4,3,5,0,-13,-14
1392.0,-9,0,10,4,-9,4,4,3,5,0,-13,-14
1393.0,-9,0,10,4,-9,4,4,3,6,0,-13,-14
1394.0,-9,0,10,4,-9,4,4,3,6,0,-13,-14
1395.0,-9,0,10,4,-9,4,4,3,6,0,-13,-14
1396.0,-9,0,10,4,-9,4,4,3,6,0,-13,-14
1397.0,-9,0,10,4,-9,4,4,3,6,0,-13,-14
1398.0,-9,0,10,4,-9,4,4,3,6,0,-13,-14
1399.0,-9,0,10,4,-9,4,5,3,6,0,-13,-14
1400.0,-9,0,10,4,-9,4,5,3,6,0,-13,-14
1401.0,-9,0,10,4,-9,4,5,3,6,0,-13,-14
1402.0,-9,0,10,4,-9,4,5,4,7,0,-13,-14
1403.0,-9,0,10,4,-9,4,5,4,7,0,-13,-14
1404.0,-10,0,10,4,-9,4,5,4,7,0,-13,-14
1405.0,-10,0,10,4,-9,4,5,4,7,0,-13,-14
1406.0,-10,0,10,4,-10,4,5,4,7,0,-13,-14
1407.0,-10,0,10,4,-10,4,5,4,7,0,-13,-14
1408.0,-10,0,10,4,-10,4,5,4,7,0,-13,-14
1409.0,-10,0,10,4,-10,4,5,4,7,0,-13,-14
1410.0,-10,0,10,4,-10,4,5,4,7,0,-13,-14
1411.0,-10,0,10,4,-10,4,5,4,7,0,-13,-14
1412.0,-10,0,10,4,-10,4,5,4,8,0,-13,-14
1413.0,-10,0,10,4,-10,4,5,4,8,0,-13,-14
1414.0,-10,0,10,4,-10,4,5,4,8,0,-13,-14
1415.0,-10,0,10,4,-10,4,5,4,8,0,-13,-14
1416.0,-10,0,10,4,-10,4,5,4,8,0,-13,-14
1417.0,-10,0,10,4,-10,4,5,4,8,0,-13,-14
1418.0,-10,0,10,4,-10,4,5,4,9,0,-13,-14
1419.0,-10,0,10,4,-10,4,5,4,9,0,-13,-14
1420.0,-10,0,10,4,-10,4,5,4,9,0,-13,-14
1421.0,-10,1,10,4,-10,4,5,4,9,0,-13,-14
1422.0,-10,1,10,4,-10,4,5,4,9,0,-13,-14
1423.0,-10,1,10,4,-10,4,5,4,9,0,-12,-14
1424.0,-10,1,10,4,-10,4,5,4,9,0,-12,-14
1425.0,-10,0,10,4,-10,4,5,4,10,0,-12,-15
1426.0,-10,0,10,4,-10,4,5,4,10,0,-12,-15
1427.0,-10,0,10,4,-10,4,5,4,10,0,-12,-15
1428.0,-10,0,10,4,-10,4,5,4,10,0,-12,-15
1429.0,-10,0,10,4,-10,4,6,4,10,0,-12,-15
1430.0,-10,0,10,4,-10,4,6,4,11,0,-12,-15
1431.0,-10,0,10,4,-10,4,6,4,11,0,-12,-15
1432.0,-10,0,10,4,-10,4,6,4,11,0,-12,-15
1433.0,-10,0,10,4,-10,4,6,4,11,0,-12,-15
1434.0,-10,0,10,4,-10,4,6,5,11,1,-12,-15
1435.0,-10,0,10,4,-10,4,6,5,12,1,-12,-15
1436.0,-10,0,10,4,-10,4,6,5,12,1,-12,-15
1437.0,-10,0,10,4,-10,4,6,5,12,1,-12,-15
1438.0,-10,0,10,4,-10,4,6,5,12,1,-12,-15
1439.0,-10,0,10,4,-10,4,7,5,12,1,-12,-15
1440.0,-10,0,10,4,-10,4,7,5,12,1,-12,-15
1441.0,-10,0,10,4,-10,4,7,5,13,1,-12,-15
1442.0,-10,0,10,4,-10,4,7,5,13,1,-12,-15
1443.0,-10,0,10,4,-10,4,7,5,13,1,-12,-15
1444.0,-10,0,10,4,-10,4,7,5,14,2,-12,-15
1445.0,-10,0,10,4,-10,4,7,5,14,2,-12,-15
1446.0,-10,1,10,4,-10,4,7,5,14,2,-12,-15
1447.0,-10,1,10,4,-10,4,7,5,15,2,-12,-15
1448.0,-10,1,11,4,-10,4,7,5,15,2,-12,-15
1449.0,-10,1,11,4,-10,5,7,6,15,2,-12,-15
1450.0,-10,1,11,4,-10,5,8,6,16,2,-12,-15
1451.0,-10,1,11,4,-10,5,8,6,16,2,-12,-15
1452.0,-10,1,11,4,-10,5,8,6,16,3,-12,-15
1453.0,-10,1,11,4,-10,5,8,6,16,3,-12,-15
1454.0,-10,1,11,4,-10,5,8,6,16,3,-12,-15
1455.0,-10,1,11,4,-10,5,8,6,17,3,-12,-15
1456.0,-10,1,11,4,-10,5,8,6,17,3,-12,-15
1457.0,-10,1,11,4,-10,5,8,6,17,3,-12,-15
1458.0,-10,1,11,4,-10,5,8,6,17,3,-12,-15
1459.0,-10,1,11,4,-10,5,8,6,17,3,-12,-15
1460.0,-10,1,11,4,-10,5,8,6,18,4,-12,-15
1461.0,-10,1,11,4,-10,5,8,6,18,4,-12,-15
1462.0,-10,1,11,4,-10,5,8,6,18,4,-12,-15
1463.0,-10,1,11,4,-10,5,8,6,18,4,-12,-15
1464.0,-10,1,11,4,-10,5,8,6,18,4,-12,-16
1465.0,-10,1,11,4,-10,5,8,6,18,4,-12,-16
1466.0,-10,1,11,4,-10,5,8,6,19,4,-12,-16
1467.0,-10,1,11,4,-10,5,8,6,19,4,-12,-16
1468.0,-10,1,11,4,-10,5,8,6,19,4,-12,-16
1469.0,-10,1,11,4,-10,5,8,6,19,5,-12,-16
1470.0,-10,1,11,4,-10,5,8,6,19,5,-12,-16
1471.0,-10,1,11,4,-10,5,9,6,19,5,-12,-16
1472.0,-10,1,11,4,-10,5,9,6,19,5,-12,-16
1473.0,-10,1,11,4,-10,5,9,6,19,5,-12,-16
1474.0,-10,1,11,4,-10,5,9,6,19,5,-12,-16
1475.0,-10,1,11,4,-10,5,9,6,20,5,-12,-15
1476.0,-10,1,11,4,-10,5,9,6,20,5,-12,-15
1477.0,-10,1,11,4,-10,5,9,6,20,6,-12,-15
1478.0,-10,1,11,4,-10,5,9,6,20,6,-12,-15
1479.0,-10,1,11,4,-10,5,9,6,20,6,-12,-15
1480.0,-10,1,11,4,-10,5,9,6,20,6,-11,-15
1481.0,-10,1,11,4,-10,5,9,6,20,6,-11,-15
1482.0,-10,2,11,4,-10,5,9,6,20,6,-11,-15
1483.0,-10,2,11,4,-10,5,9,6,20,6,-11,-15
1484.0,-10,2,11,4,-10,5,8,6,20,6,-11,-15
1485.0,-10,2,11,4,-10,5,8,6,20,6,-11,-15
1486.0,-10,1,11,4,-10,5,8,6,19,7,-11,-15
1487.0,-10,1,11,4,-10,5,8,6,19,7,-11,-15
1488.0,-10,1,11,4,-10,5,8,6,19,7,-11,-14
1489.0,-10,1,11,4,-10,5,8,6,19,7,-11,-14
1490.0,-10,1,11,4,-10,5,8,5,19,7,-11,-14
1491.0,-9,2,11,4,-10,5,8,5,19,7,-11,-14
1492.0,-9,2,11,4,-10,5,8,5,19,7,-10,-14
1493.0,-9,2,11,3,-10,5,8,5,18,7,-10,-14
1494.0,-9,2,11,3,-10,5,7,5,18,7,-10,-14
1495.0,-9,2,11,3,-10,5,7,5,18,7,-10,-13
1496.0,-9,2,11,3,-10,5,7,5,18,7,-10,-13
1497.0,-8,2,11,3,-10,5,7,5,18,7,-10,-13
1498.0,-8,2,11,3,-10,5,7,5,18,7,-10,-13
1499.0,-8,2,11,3,-10,5,7,5,17,7,-10,-13
1500.0,-8,3,11,3,-10,5,7,4,17,7,-9,-12
1501.0,-8,3,11,3,-10,5,6,4,17,8,-9,-12
1502.0,-8,3,11,3,-10,5,6,4,17,8,-9,-12
1503.0,-7,3,11,3,-9,5,6,4,16,8,-9,-12
1504.0,-7,3,11,2,-9,5,6,4,16,8,-9,-11
1505.0,-7,3,11,2,-9,5,6,4,16,8,-9,-11
1506.0,-7,3,11,2,-9,5,5,4,15,8,-8,-11
1507.0,-6,3,10,2,-9,5,5,3,15,8,-8,-10
1508.0,-6,4,10,2,-9,5,5,3,15,8,-8,-10
1509.0,-6,4,10,2,-9,6,4,3,14,8,-8,-10
1510.0,-6,4,10,2,-9,6,4,3,14,8,-7,-10
1511.0,-5,4,10,2,-9,6,4,3,13,8,-7,-9
1512.0,-5,4,10,1,-8,6,3,2,13,8,-7,-9
1513.0,-5,4,10,1,-8,6,3,2,13,8,-7,-9
1514.0,-5,4,10,1,-8,6,3,2,12,8,-7,-8
1515.0,-5,5,10,1,-8,6,3,2,12,8,-6,-8
1516.0,-5,5,10,1,-8,6,2,1,11,8,-6,-8
1517.0,-4,5,10,1,-8,6,2,1,11,8,-6,-7
1518.0,-4,5,10,1,-8,6,2,1,10,8,-6,-7
1519.0,-4,5,10,0,-8,6,1,1,10,8,-5,-7
1520.0,-4,5,10,0,-8,6,1,0,10,8,-5,-7
1521.0,-4,5,10,0,-7,6,1,0,9,8,-5,-6
1522.0,-4,5,10,0,-7,6,0,0,9,8,-5,-6
1523.0,-4,5,9,0,-7,6,0,0,9,7,-4,-6
1524.0,-4,5,9,0,-7,6,0,0,8,7,-4,-5
1525.0,-3,5,9,0,-7,6,0,0,8,7,-4,-5
1526.0,-3,5,9,0,-7,6,0,0,7,7,-4,-5
1527.0,-3,5,9,0,-7,6,0,0,7,7,-3,-4
1528.0,-3,5,9,0,-6,5,0,0,7,7,-3,-4
1529.0,-2,5,9,0,-6,5,0,0,6,7,-3,-4
1530.0,-2,5,9,0,-6,5,0,0,6,7,-3,-3
1531.0,-2,5,8,0,-6,5,0,0,6,7,-2,-3
1532.0,-2,5,8,0,-6,5,0,0,5,7,-2,-3
1533.0,-2,5,8,0,-6,5,0,0,5,7,-2,-2
1534.0,-1,5,8,0,-5,5,-1,0,5,7,-2,-2
1535.0,-1,5,8,0,-5,5,-1,0,4,7,-1,-2
1536.0,-1,5,8,0,-5,5,-1,-1,4,6,-1,-2
1537.0,-1,5,7,-1,-5,5,-1,-1,4,6,-1,-1
1538.0,-1,5,7,-1,-5,5,-1,-1,3,6,-1,-1
1539.0,0,5,7,-1,-5,5,-1,-1,3,6,-1,-1
1540.0,0,5,7,-1,-4,5,-1,-1,3,6,0,-1
1541.0,0,5,7,-1,-4,5,-1,-1,2,6,0,-1
1542.0,0,5,7,-1,-4,4,-2,-1,2,6,0,-1
1543.0,0,4,6,-1,-4,4,-2,-1,2,5,0,0
1544.0,0,4,6,-1,-4,4,-2,-1,1,5,0,0
1545.0,0,4,6,-1,-4,4,-2,-1,1,5,0,0
1546.0,0,4,6,-1,-3,4,-2,-2,1,5,0,0
1547.0,0,4,6,-1,-3,4,-2,-2,1,5,0,0
1548.0,0,4,5,-1,-3,4,-2,-2,1,5,0,0
1549.0,0,4,5,-1,-3,4,-2,-2,1,4,0,0
1550.0,0,4,5,-1,-3,4,-2,-2,1,4,0,0
1551.0,0,3,5,-1,-3,3,-2,-2,1,4,0,0
1552.0,0,3,5,-1,-2,3,-2,-2,1,4,0,0
1553.0,0,3,5,-1,-2,3,-2,-2,1,4,0,0
1554.0,0,3,4,-1,-2,3,-2,-2,1,4,0,0
1555.0,0,3,4,-1,-2,3,-2,-2,0,4,1,0
1556.0,0,3,4,-1,-2,3,-2,-2,0,3,1,0
1557.0,0,3,4,-2,-2,3,-2,-2,0,3,1,0
1558.0,0,3,4,-2,-2,3,-2,-2,0,3,1,1
1559.0,0,3,4,-2,-2,3,-2,-2,0,3,1,1
1560.0,0,3,4,-2,-2,3,-2,-2,0,3,1,1
1561.0,0,3,4,-2,-1,3,-2,-2,-1,3,1,1
1562.0,0,3,3,-2,-1,2,-2,-2,-1,3,1,1
1563.0,0,3,3,-2,-1,2,-2,-2,-1,3,1,1
1564.0,0,3,3,-2,-1,2,-2,-2,-1,2,1,1
1565.0,0,3,3,-2,-1,2,-2,-2,-1,2,1,1
1566.0,0,3,3,-2,-1,2,-2,-2,-1,2,1,1
1567.0,0,3,3,-2,-1,2,-2,-2,-1,2,1,1
1568.0,0,3,3,-2,-1,2,-2,-2,-1,2,2,1
1569.0,0,3,3,-2,-1,2,-2,-2,-2,2,2,1
1570.0,0,3,3,-2,-1,2,-2,-2,-2,2,2,1
1571.0,0,3,2,-2,-1,2,-2,-2,-2,2,2,1
1572.0,0,2,2,-2,-1,2,-2,-2,-2,2,2,1
1573.0,0,2,2,-1,-1,2,-3,-2,-2,1,2,1
1574.0,0,2,2,-1,0,1,-3,-2,-2,1,2,1
1575.0,0,2,2,-1,0,1,-3,-2,-2,1,2,1
1576.0,1,2,2,-1,0,1,-3,-2,-2,1,2,1
1577.0,1,2,2,-1,0,1,-3,-2,-2,1,2,2
1578.0,1,2,2,-1,0,1,-3,-2,-2,1,2,2
1579.0,1,2,2,-1,0,1,-3,-2,-2,1,2,2
1580.0,1,2,2,-1,0,1,-3,-2,-3,1,2,2
1581.0,1,2,1,-1,0,1,-3,-2,-3,1,2,2
1582.0,1,2,1,-1,0,1,-3,-2,-3,0,2,2
1583.0,1,2,1,-1,0,1,-3,-2,-3,0,2,2
1584.0,1,2,1,-1,0,1,-3,-2,-3,0,2,2
1585.0,1,2,1,-1,0,1,-3,-2,-3,0,2,1
1586.0,1,2,1,-1,0,1,-3,-2,-3,0,2,1
1587.0,1,2,1,-1,0,1,-3,-2,-3,0,2,1
1588.0,1,2,1,-1,0,1,-3,-2,-3,0,2,1
1589.0,1,2,1,-1,0,0,-3,-2,-3,0,2,1
1590.0,1,2,1,-1,0,0,-3,-2,-3,0,2,1
1591.0,1,2,1,-1,0,0,-3,-2,-3,0,2,1
1592.0,1,2,1,-1,0,0,-3,-2,-3,0,2,1
1593.0,1,2,1,-1,0,0,-3,-2,-3,0,2,1
1594.0,1,2,1,-1,0,0,-3,-2,-3,0,2,1
1595.0,1,2,1,-1,0,0,-3,-2,-3,0,2,2
1596.0,1,2,1,-1,0,0,-3,-2,-3,0,2,2
1597.0,1,2,1,-1,0,0,-3,-2,-3,0,2,2
1598.0,1,2,1,-1,0,0,-3,-2,-3,0,2,2
1599.0,1,2,1,-1,0,0,-3,-3,-3,0,2,2
1600.0,1,2,1,-1,0,0,-3,-3,-3,0,2,2
1601.0,1,2,1,-1,0,0,-3,-3,-3,0,2,2
1602.0,1,2,1,-1,0,0,-3,-3,-3,0,2,2
1603.0,1,2,1,-1,0,0,-3,-3,-3,0,2,2
1604.0,1,2,1,-1,0,0,-3,-3,-3,0,2,2
1605.0,1,2,1,-1,0,0,-3,-3,-3,0,2,2
1606.0,1,2,1,-1,0,0,-3,-3,-3,0,2,2
1607.0,1,2,1,-1,0,0,-3,-3,-3,0,2,2
1608.0,1,2,0,-1,0,0,-3,-2,-3,0,2,2
1609.0,1,2,0,-1,0,0,-3,-2,-3,0,2,2
1610.0,1,2,0,-1,0,0,-3,-2,-4,0,2,2
1611.0,1,2,0,-1,0,0,-3,-2,-4,0,2,2
1612.0,1,2,0,-1,0,0,-3,-2,-4,0,2,2
1613.0,1,2,0,-1,0,0,-3,-2,-4,0,2,2
1614.0,1,2,0,-1,0,0,-3,-2,-4,0,2,2
1615.0,1,2,0,-1,0,0,-3,-2,-4,0,2,2
1616.0,1,2,0,-1,0,0,-3,-2,-3,0,2,2
1617.0,1,2,0,-1,0,0,-3,-2,-3,0,2,2
1618.0,1,2,0,-1,0,0,-3,-2,-3,0,2,2
1619.0,1,2,0,-1,0,0,-3,-2,-3,0,2,2
1620.0,1,2,0,-1,0,0,-3,-2,-3,0,2,2
1621.0,1,2,0,-1,0,0,-3,-2,-3,0,2,2
1622.0,1,2,0,-1,0,0,-3,-2,-3,0,2,2
1623.0,1,2,0,-1,0,0,-3,-2,-3,0,2,2
1624.0,1,2,0,-1,0,0,-3,-2,-3,0,2,2
1625.0,1,2,0,-1,0,0,-3,-2,-3,0,2,2
1626.0,1,2,0,-1,0,0,-3,-2,-3,0,2,2
1627.0,1,2,0,-1,0,0,-3,-2,-3,0,2,2
1628.0,1,2,0,-1,0,0,-3,-2,-3,0,2,2
1629.0,1,2,0,-1,0,0,-3,-2,-3,0,2,2
1630.0,1,2,0,-1,0,0,-3,-2,-3,0,2,2
1631.0,1,2,0,-1,0,0,-3,-2,-3,0,2,2
1632.0,1,2,0,-1,0,0,-3,-2,-3,0,2,2
1633.0,1,2,0,-1,0,0,-3,-2,-3,0,2,2
1634.0,1,2,0,-1,0,0,-3,-2,-3,0,2,2
1635.0,1,2,0,-1,0,0,-3,-2,-3,0,2,2
1636.0,1,2,0,-1,0,0,-3,-2,-3,0,2,2
1637.0,1,2,0,-1,0,0,-3,-2,-3,0,2,2
1638.0,1,2,0,-1,0,0,-3,-2,-3,0,2,2
1639.0,1,1,0,-1,0,0,-3,-2,-3,0,2,2
1640.0,1,1,0,-1,0,0,-3,-2,-3,0,2,2
1641.0,1,1,0,-1,0,0,-3,-2,-3,0,2,2
1642.0,1,1,0,-1,0,0,-3,-2,-3,0,2,2
1643.0,1,1,0,-1,0,0,-3,-2,-3,0,2,2
1644.0,1,1,0,-1,0,0,-3,-2,-3,0,2,2
1645.0,1,1,0,-1,0,0,-3,-2,-3,0,2,2
1646.0,1,1,0,-1,0,-1,-3,-2,-3,0,2,2
1647.0,1,1,0,-1,0,-1,-3,-2,-3,0,2,2
1648.0,1,1,0,-1,0,-1,-2,-2,-3,0,2,2
1649.0,1,1,0,-1,0,-1,-2,-2,-3,0,2,2
1650.0,1,1,0,-1,0,-1,-2,-2,-3,0,2,2
1651.0,1,1,0,-1,0,-1,-2,-2,-3,0,2,2
1652.0,1,1,0,-1,0,-1,-2,-2,-3,0,2,2
1653.0,1,1,0,-1,0,-1,-2,-2,-3,0,2,2
1654.0,1,1,0,-1,0,-1,-2,-2,-3,0,2,2
1655.0,1,1,0,-1,0,-1,-3,-2,-3,0,2,2
1656.0,1,2,0,-1,0,-1,-3,-2,-2,0,2,2
1657.0,2,2,0,-1,0,-1,-3,-2,-2,0,2,2
1658.0,2,2,0,-1,0,-1,-3,-2,-2,0,2,2
1659.0,2,2,0,-1,0,-1,-3,-2,-2,0,2,2
